"condition","id","description","scene","url"
"full-layout/seedsents-maxent","full-layout/seedsents-maxent-0","There is a desk and a chair.","seedsents-maxent1.s0-00000","https://dovahkiin.stanford.edu/text2scene/eval/full-layout/seedsents-maxent/s0/seedsents-maxent1-s0-00000-2.jpg"
"full-layout/seedsents-maxent-rb","full-layout/seedsents-maxent-rb-0","There is a desk and a chair.","seedsents-maxent-rb1.s0-00000","https://dovahkiin.stanford.edu/text2scene/eval/full-layout/seedsents-maxent-rb/s0/seedsents-maxent-rb1-s0-00000-2.jpg"
"full-layout/seedsents-random","full-layout/seedsents-random-0","There is a desk and a chair.","seedsents-random1.s0-00000","https://dovahkiin.stanford.edu/text2scene/eval/full-layout/seedsents-random/s0/seedsents-random1-s0-00000-2.jpg"
"full-layout/seedsents-random-rb","full-layout/seedsents-random-rb-0","There is a desk and a chair.","seedsents-random-rb1.s0-00000","https://dovahkiin.stanford.edu/text2scene/eval/full-layout/seedsents-random-rb/s0/seedsents-random-rb1-s0-00000-2.jpg"
"full-layout/seedsents-rulebased","full-layout/seedsents-rulebased-0","There is a desk and a chair.","seedsents-rulebased5.s0-00000","https://dovahkiin.stanford.edu/text2scene/eval/full-layout/seedsents-rulebased/s0/seedsents-rulebased5-s0-00000-2.jpg"
"full-layout/seedsents-sempre","full-layout/seedsents-sempre-0","There is a desk and a chair.","seedsents-sempre1.s0-00000","https://dovahkiin.stanford.edu/text2scene/eval/full-layout/seedsents-sempre/s0/seedsents-sempre1-s0-00000-2.jpg"
"human","human-0","There is a desk and a chair.","desc2scene-4101","https://dovahkiin.stanford.edu/text2scene/screenshots/scenes/mturk/desc2scene-4101/desc2scene-4101-2.jpg"
"full-layout/seedsents-maxent","full-layout/seedsents-maxent-1","There is a desk and a computer.","seedsents-maxent1.s1-00000","https://dovahkiin.stanford.edu/text2scene/eval/full-layout/seedsents-maxent/s1/seedsents-maxent1-s1-00000-2.jpg"
"full-layout/seedsents-maxent-rb","full-layout/seedsents-maxent-rb-1","There is a desk and a computer.","seedsents-maxent-rb1.s1-00000","https://dovahkiin.stanford.edu/text2scene/eval/full-layout/seedsents-maxent-rb/s1/seedsents-maxent-rb1-s1-00000-2.jpg"
"full-layout/seedsents-random","full-layout/seedsents-random-1","There is a desk and a computer.","seedsents-random1.s1-00000","https://dovahkiin.stanford.edu/text2scene/eval/full-layout/seedsents-random/s1/seedsents-random1-s1-00000-2.jpg"
"full-layout/seedsents-random-rb","full-layout/seedsents-random-rb-1","There is a desk and a computer.","seedsents-random-rb1.s1-00000","https://dovahkiin.stanford.edu/text2scene/eval/full-layout/seedsents-random-rb/s1/seedsents-random-rb1-s1-00000-2.jpg"
"full-layout/seedsents-rulebased","full-layout/seedsents-rulebased-1","There is a desk and a computer.","seedsents-rulebased5.s1-00000","https://dovahkiin.stanford.edu/text2scene/eval/full-layout/seedsents-rulebased/s1/seedsents-rulebased5-s1-00000-2.jpg"
"full-layout/seedsents-sempre","full-layout/seedsents-sempre-1","There is a desk and a computer.","seedsents-sempre1.s1-00000","https://dovahkiin.stanford.edu/text2scene/eval/full-layout/seedsents-sempre/s1/seedsents-sempre1-s1-00000-2.jpg"
"human","human-1","There is a desk and a computer.","desc2scene-4220","https://dovahkiin.stanford.edu/text2scene/screenshots/scenes/mturk/desc2scene-4220/desc2scene-4220-2.jpg"
"full-layout/seedsents-maxent","full-layout/seedsents-maxent-2","There is a desk and a laptop.","seedsents-maxent1.s2-00000","https://dovahkiin.stanford.edu/text2scene/eval/full-layout/seedsents-maxent/s2/seedsents-maxent1-s2-00000-2.jpg"
"full-layout/seedsents-maxent-rb","full-layout/seedsents-maxent-rb-2","There is a desk and a laptop.","seedsents-maxent-rb1.s2-00000","https://dovahkiin.stanford.edu/text2scene/eval/full-layout/seedsents-maxent-rb/s2/seedsents-maxent-rb1-s2-00000-2.jpg"
"full-layout/seedsents-random","full-layout/seedsents-random-2","There is a desk and a laptop.","seedsents-random1.s2-00000","https://dovahkiin.stanford.edu/text2scene/eval/full-layout/seedsents-random/s2/seedsents-random1-s2-00000-2.jpg"
"full-layout/seedsents-random-rb","full-layout/seedsents-random-rb-2","There is a desk and a laptop.","seedsents-random-rb1.s2-00000","https://dovahkiin.stanford.edu/text2scene/eval/full-layout/seedsents-random-rb/s2/seedsents-random-rb1-s2-00000-2.jpg"
"full-layout/seedsents-rulebased","full-layout/seedsents-rulebased-2","There is a desk and a laptop.","seedsents-rulebased5.s2-00000","https://dovahkiin.stanford.edu/text2scene/eval/full-layout/seedsents-rulebased/s2/seedsents-rulebased5-s2-00000-2.jpg"
"full-layout/seedsents-sempre","full-layout/seedsents-sempre-2","There is a desk and a laptop.","seedsents-sempre1.s2-00000","https://dovahkiin.stanford.edu/text2scene/eval/full-layout/seedsents-sempre/s2/seedsents-sempre1-s2-00000-2.jpg"
"human","human-2","There is a desk and a laptop.","desc2scene-2702","https://dovahkiin.stanford.edu/text2scene/screenshots/scenes/mturk/desc2scene-2702/desc2scene-2702-2.jpg"
"full-layout/seedsents-maxent","full-layout/seedsents-maxent-3","There is a desk and a lamp.","seedsents-maxent1.s3-00000","https://dovahkiin.stanford.edu/text2scene/eval/full-layout/seedsents-maxent/s3/seedsents-maxent1-s3-00000-2.jpg"
"full-layout/seedsents-maxent-rb","full-layout/seedsents-maxent-rb-3","There is a desk and a lamp.","seedsents-maxent-rb1.s3-00000","https://dovahkiin.stanford.edu/text2scene/eval/full-layout/seedsents-maxent-rb/s3/seedsents-maxent-rb1-s3-00000-2.jpg"
"full-layout/seedsents-random","full-layout/seedsents-random-3","There is a desk and a lamp.","seedsents-random1.s3-00000","https://dovahkiin.stanford.edu/text2scene/eval/full-layout/seedsents-random/s3/seedsents-random1-s3-00000-2.jpg"
"full-layout/seedsents-random-rb","full-layout/seedsents-random-rb-3","There is a desk and a lamp.","seedsents-random-rb1.s3-00000","https://dovahkiin.stanford.edu/text2scene/eval/full-layout/seedsents-random-rb/s3/seedsents-random-rb1-s3-00000-2.jpg"
"full-layout/seedsents-rulebased","full-layout/seedsents-rulebased-3","There is a desk and a lamp.","seedsents-rulebased5.s3-00000","https://dovahkiin.stanford.edu/text2scene/eval/full-layout/seedsents-rulebased/s3/seedsents-rulebased5-s3-00000-2.jpg"
"full-layout/seedsents-sempre","full-layout/seedsents-sempre-3","There is a desk and a lamp.","seedsents-sempre1.s3-00000","https://dovahkiin.stanford.edu/text2scene/eval/full-layout/seedsents-sempre/s3/seedsents-sempre1-s3-00000-2.jpg"
"human","human-3","There is a desk and a lamp.","desc2scene-4153","https://dovahkiin.stanford.edu/text2scene/screenshots/scenes/mturk/desc2scene-4153/desc2scene-4153-2.jpg"
"full-layout/seedsents-maxent","full-layout/seedsents-maxent-4","There is a desk and a poster.","seedsents-maxent1.s4-00000","https://dovahkiin.stanford.edu/text2scene/eval/full-layout/seedsents-maxent/s4/seedsents-maxent1-s4-00000-2.jpg"
"full-layout/seedsents-maxent-rb","full-layout/seedsents-maxent-rb-4","There is a desk and a poster.","seedsents-maxent-rb1.s4-00000","https://dovahkiin.stanford.edu/text2scene/eval/full-layout/seedsents-maxent-rb/s4/seedsents-maxent-rb1-s4-00000-2.jpg"
"full-layout/seedsents-random","full-layout/seedsents-random-4","There is a desk and a poster.","seedsents-random1.s4-00000","https://dovahkiin.stanford.edu/text2scene/eval/full-layout/seedsents-random/s4/seedsents-random1-s4-00000-2.jpg"
"full-layout/seedsents-random-rb","full-layout/seedsents-random-rb-4","There is a desk and a poster.","seedsents-random-rb1.s4-00000","https://dovahkiin.stanford.edu/text2scene/eval/full-layout/seedsents-random-rb/s4/seedsents-random-rb1-s4-00000-2.jpg"
"full-layout/seedsents-rulebased","full-layout/seedsents-rulebased-4","There is a desk and a poster.","seedsents-rulebased5.s4-00000","https://dovahkiin.stanford.edu/text2scene/eval/full-layout/seedsents-rulebased/s4/seedsents-rulebased5-s4-00000-2.jpg"
"full-layout/seedsents-sempre","full-layout/seedsents-sempre-4","There is a desk and a poster.","seedsents-sempre1.s4-00000","https://dovahkiin.stanford.edu/text2scene/eval/full-layout/seedsents-sempre/s4/seedsents-sempre1-s4-00000-2.jpg"
"human","human-4","There is a desk and a poster.","desc2scene-4187","https://dovahkiin.stanford.edu/text2scene/screenshots/scenes/mturk/desc2scene-4187/desc2scene-4187-2.jpg"
"full-layout/seedsents-maxent","full-layout/seedsents-maxent-5","There is a desk and a notepad.","seedsents-maxent1.s5-00000","https://dovahkiin.stanford.edu/text2scene/eval/full-layout/seedsents-maxent/s5/seedsents-maxent1-s5-00000-2.jpg"
"full-layout/seedsents-maxent-rb","full-layout/seedsents-maxent-rb-5","There is a desk and a notepad.","seedsents-maxent-rb1.s5-00000","https://dovahkiin.stanford.edu/text2scene/eval/full-layout/seedsents-maxent-rb/s5/seedsents-maxent-rb1-s5-00000-2.jpg"
"full-layout/seedsents-random","full-layout/seedsents-random-5","There is a desk and a notepad.","seedsents-random1.s5-00000","https://dovahkiin.stanford.edu/text2scene/eval/full-layout/seedsents-random/s5/seedsents-random1-s5-00000-2.jpg"
"full-layout/seedsents-random-rb","full-layout/seedsents-random-rb-5","There is a desk and a notepad.","seedsents-random-rb1.s5-00000","https://dovahkiin.stanford.edu/text2scene/eval/full-layout/seedsents-random-rb/s5/seedsents-random-rb1-s5-00000-2.jpg"
"full-layout/seedsents-rulebased","full-layout/seedsents-rulebased-5","There is a desk and a notepad.","seedsents-rulebased5.s5-00000","https://dovahkiin.stanford.edu/text2scene/eval/full-layout/seedsents-rulebased/s5/seedsents-rulebased5-s5-00000-2.jpg"
"full-layout/seedsents-sempre","full-layout/seedsents-sempre-5","There is a desk and a notepad.","seedsents-sempre1.s5-00000","https://dovahkiin.stanford.edu/text2scene/eval/full-layout/seedsents-sempre/s5/seedsents-sempre1-s5-00000-2.jpg"
"human","human-5","There is a desk and a notepad.","desc2scene-4148","https://dovahkiin.stanford.edu/text2scene/screenshots/scenes/mturk/desc2scene-4148/desc2scene-4148-2.jpg"
"full-layout/seedsents-maxent","full-layout/seedsents-maxent-6","There is a desk and a keyboard and a monitor.","seedsents-maxent1.s6-00000","https://dovahkiin.stanford.edu/text2scene/eval/full-layout/seedsents-maxent/s6/seedsents-maxent1-s6-00000-2.jpg"
"full-layout/seedsents-maxent-rb","full-layout/seedsents-maxent-rb-6","There is a desk and a keyboard and a monitor.","seedsents-maxent-rb1.s6-00000","https://dovahkiin.stanford.edu/text2scene/eval/full-layout/seedsents-maxent-rb/s6/seedsents-maxent-rb1-s6-00000-2.jpg"
"full-layout/seedsents-random","full-layout/seedsents-random-6","There is a desk and a keyboard and a monitor.","seedsents-random1.s6-00000","https://dovahkiin.stanford.edu/text2scene/eval/full-layout/seedsents-random/s6/seedsents-random1-s6-00000-2.jpg"
"full-layout/seedsents-random-rb","full-layout/seedsents-random-rb-6","There is a desk and a keyboard and a monitor.","seedsents-random-rb1.s6-00000","https://dovahkiin.stanford.edu/text2scene/eval/full-layout/seedsents-random-rb/s6/seedsents-random-rb1-s6-00000-2.jpg"
"full-layout/seedsents-rulebased","full-layout/seedsents-rulebased-6","There is a desk and a keyboard and a monitor.","seedsents-rulebased5.s6-00000","https://dovahkiin.stanford.edu/text2scene/eval/full-layout/seedsents-rulebased/s6/seedsents-rulebased5-s6-00000-2.jpg"
"full-layout/seedsents-sempre","full-layout/seedsents-sempre-6","There is a desk and a keyboard and a monitor.","seedsents-sempre1.s6-00000","https://dovahkiin.stanford.edu/text2scene/eval/full-layout/seedsents-sempre/s6/seedsents-sempre1-s6-00000-2.jpg"
"human","human-6","There is a desk and a keyboard and a monitor.","desc2scene-4133","https://dovahkiin.stanford.edu/text2scene/screenshots/scenes/mturk/desc2scene-4133/desc2scene-4133-2.jpg"
"full-layout/seedsents-maxent","full-layout/seedsents-maxent-7","There is a desk and a monitor and a mouse.","seedsents-maxent1.s7-00000","https://dovahkiin.stanford.edu/text2scene/eval/full-layout/seedsents-maxent/s7/seedsents-maxent1-s7-00000-2.jpg"
"full-layout/seedsents-maxent-rb","full-layout/seedsents-maxent-rb-7","There is a desk and a monitor and a mouse.","seedsents-maxent-rb1.s7-00000","https://dovahkiin.stanford.edu/text2scene/eval/full-layout/seedsents-maxent-rb/s7/seedsents-maxent-rb1-s7-00000-2.jpg"
"full-layout/seedsents-random","full-layout/seedsents-random-7","There is a desk and a monitor and a mouse.","seedsents-random1.s7-00000","https://dovahkiin.stanford.edu/text2scene/eval/full-layout/seedsents-random/s7/seedsents-random1-s7-00000-2.jpg"
"full-layout/seedsents-random-rb","full-layout/seedsents-random-rb-7","There is a desk and a monitor and a mouse.","seedsents-random-rb1.s7-00000","https://dovahkiin.stanford.edu/text2scene/eval/full-layout/seedsents-random-rb/s7/seedsents-random-rb1-s7-00000-2.jpg"
"full-layout/seedsents-rulebased","full-layout/seedsents-rulebased-7","There is a desk and a monitor and a mouse.","seedsents-rulebased5.s7-00000","https://dovahkiin.stanford.edu/text2scene/eval/full-layout/seedsents-rulebased/s7/seedsents-rulebased5-s7-00000-2.jpg"
"full-layout/seedsents-sempre","full-layout/seedsents-sempre-7","There is a desk and a monitor and a mouse.","seedsents-sempre1.s7-00000","https://dovahkiin.stanford.edu/text2scene/eval/full-layout/seedsents-sempre/s7/seedsents-sempre1-s7-00000-2.jpg"
"human","human-7","There is a desk and a monitor and a mouse.","desc2scene-2609","https://dovahkiin.stanford.edu/text2scene/screenshots/scenes/mturk/desc2scene-2609/desc2scene-2609-2.jpg"
"full-layout/seedsents-maxent","full-layout/seedsents-maxent-8","There is a desk and a monitor and a keyboard and a mouse.","seedsents-maxent1.s8-00000","https://dovahkiin.stanford.edu/text2scene/eval/full-layout/seedsents-maxent/s8/seedsents-maxent1-s8-00000-2.jpg"
"full-layout/seedsents-maxent-rb","full-layout/seedsents-maxent-rb-8","There is a desk and a monitor and a keyboard and a mouse.","seedsents-maxent-rb1.s8-00000","https://dovahkiin.stanford.edu/text2scene/eval/full-layout/seedsents-maxent-rb/s8/seedsents-maxent-rb1-s8-00000-2.jpg"
"full-layout/seedsents-random","full-layout/seedsents-random-8","There is a desk and a monitor and a keyboard and a mouse.","seedsents-random1.s8-00000","https://dovahkiin.stanford.edu/text2scene/eval/full-layout/seedsents-random/s8/seedsents-random1-s8-00000-2.jpg"
"full-layout/seedsents-random-rb","full-layout/seedsents-random-rb-8","There is a desk and a monitor and a keyboard and a mouse.","seedsents-random-rb1.s8-00000","https://dovahkiin.stanford.edu/text2scene/eval/full-layout/seedsents-random-rb/s8/seedsents-random-rb1-s8-00000-2.jpg"
"full-layout/seedsents-rulebased","full-layout/seedsents-rulebased-8","There is a desk and a monitor and a keyboard and a mouse.","seedsents-rulebased5.s8-00000","https://dovahkiin.stanford.edu/text2scene/eval/full-layout/seedsents-rulebased/s8/seedsents-rulebased5-s8-00000-2.jpg"
"full-layout/seedsents-sempre","full-layout/seedsents-sempre-8","There is a desk and a monitor and a keyboard and a mouse.","seedsents-sempre1.s8-00000","https://dovahkiin.stanford.edu/text2scene/eval/full-layout/seedsents-sempre/s8/seedsents-sempre1-s8-00000-2.jpg"
"human","human-8","There is a desk and a monitor and a keyboard and a mouse.","desc2scene-4120","https://dovahkiin.stanford.edu/text2scene/screenshots/scenes/mturk/desc2scene-4120/desc2scene-4120-2.jpg"
"full-layout/seedsents-maxent","full-layout/seedsents-maxent-9","There is a desk and there is a notepad on the desk. There is a pen next to the notepad.","seedsents-maxent1.s9-00000","https://dovahkiin.stanford.edu/text2scene/eval/full-layout/seedsents-maxent/s9/seedsents-maxent1-s9-00000-2.jpg"
"full-layout/seedsents-maxent-rb","full-layout/seedsents-maxent-rb-9","There is a desk and there is a notepad on the desk. There is a pen next to the notepad.","seedsents-maxent-rb1.s9-00000","https://dovahkiin.stanford.edu/text2scene/eval/full-layout/seedsents-maxent-rb/s9/seedsents-maxent-rb1-s9-00000-2.jpg"
"full-layout/seedsents-random","full-layout/seedsents-random-9","There is a desk and there is a notepad on the desk. There is a pen next to the notepad.","seedsents-random1.s9-00000","https://dovahkiin.stanford.edu/text2scene/eval/full-layout/seedsents-random/s9/seedsents-random1-s9-00000-2.jpg"
"full-layout/seedsents-random-rb","full-layout/seedsents-random-rb-9","There is a desk and there is a notepad on the desk. There is a pen next to the notepad.","seedsents-random-rb1.s9-00000","https://dovahkiin.stanford.edu/text2scene/eval/full-layout/seedsents-random-rb/s9/seedsents-random-rb1-s9-00000-2.jpg"
"full-layout/seedsents-rulebased","full-layout/seedsents-rulebased-9","There is a desk and there is a notepad on the desk. There is a pen next to the notepad.","seedsents-rulebased5.s9-00000","https://dovahkiin.stanford.edu/text2scene/eval/full-layout/seedsents-rulebased/s9/seedsents-rulebased5-s9-00000-2.jpg"
"full-layout/seedsents-sempre","full-layout/seedsents-sempre-9","There is a desk and there is a notepad on the desk. There is a pen next to the notepad.","seedsents-sempre1.s9-00000","https://dovahkiin.stanford.edu/text2scene/eval/full-layout/seedsents-sempre/s9/seedsents-sempre1-s9-00000-2.jpg"
"human","human-9","There is a desk and there is a notepad on the desk. There is a pen next to the notepad.","desc2scene-4207","https://dovahkiin.stanford.edu/text2scene/screenshots/scenes/mturk/desc2scene-4207/desc2scene-4207-2.jpg"
"full-layout/seedsents-maxent","full-layout/seedsents-maxent-10","There is a desk and there is a notepad on the desk. There is a pen on the notepad.","seedsents-maxent1.s10-00000","https://dovahkiin.stanford.edu/text2scene/eval/full-layout/seedsents-maxent/s10/seedsents-maxent1-s10-00000-2.jpg"
"full-layout/seedsents-maxent-rb","full-layout/seedsents-maxent-rb-10","There is a desk and there is a notepad on the desk. There is a pen on the notepad.","seedsents-maxent-rb1.s10-00000","https://dovahkiin.stanford.edu/text2scene/eval/full-layout/seedsents-maxent-rb/s10/seedsents-maxent-rb1-s10-00000-2.jpg"
"full-layout/seedsents-random","full-layout/seedsents-random-10","There is a desk and there is a notepad on the desk. There is a pen on the notepad.","seedsents-random1.s10-00000","https://dovahkiin.stanford.edu/text2scene/eval/full-layout/seedsents-random/s10/seedsents-random1-s10-00000-2.jpg"
"full-layout/seedsents-random-rb","full-layout/seedsents-random-rb-10","There is a desk and there is a notepad on the desk. There is a pen on the notepad.","seedsents-random-rb1.s10-00000","https://dovahkiin.stanford.edu/text2scene/eval/full-layout/seedsents-random-rb/s10/seedsents-random-rb1-s10-00000-2.jpg"
"full-layout/seedsents-rulebased","full-layout/seedsents-rulebased-10","There is a desk and there is a notepad on the desk. There is a pen on the notepad.","seedsents-rulebased5.s10-00000","https://dovahkiin.stanford.edu/text2scene/eval/full-layout/seedsents-rulebased/s10/seedsents-rulebased5-s10-00000-2.jpg"
"full-layout/seedsents-sempre","full-layout/seedsents-sempre-10","There is a desk and there is a notepad on the desk. There is a pen on the notepad.","seedsents-sempre1.s10-00000","https://dovahkiin.stanford.edu/text2scene/eval/full-layout/seedsents-sempre/s10/seedsents-sempre1-s10-00000-2.jpg"
"human","human-10","There is a desk and there is a notepad on the desk. There is a pen on the notepad.","desc2scene-4197","https://dovahkiin.stanford.edu/text2scene/screenshots/scenes/mturk/desc2scene-4197/desc2scene-4197-2.jpg"
"full-layout/seedsents-maxent","full-layout/seedsents-maxent-11","There is a desk and there is a stapler on the desk. There is a notepad to the left of the stapler.","seedsents-maxent1.s11-00000","https://dovahkiin.stanford.edu/text2scene/eval/full-layout/seedsents-maxent/s11/seedsents-maxent1-s11-00000-2.jpg"
"full-layout/seedsents-maxent-rb","full-layout/seedsents-maxent-rb-11","There is a desk and there is a stapler on the desk. There is a notepad to the left of the stapler.","seedsents-maxent-rb1.s11-00000","https://dovahkiin.stanford.edu/text2scene/eval/full-layout/seedsents-maxent-rb/s11/seedsents-maxent-rb1-s11-00000-2.jpg"
"full-layout/seedsents-random","full-layout/seedsents-random-11","There is a desk and there is a stapler on the desk. There is a notepad to the left of the stapler.","seedsents-random1.s11-00000","https://dovahkiin.stanford.edu/text2scene/eval/full-layout/seedsents-random/s11/seedsents-random1-s11-00000-2.jpg"
"full-layout/seedsents-random-rb","full-layout/seedsents-random-rb-11","There is a desk and there is a stapler on the desk. There is a notepad to the left of the stapler.","seedsents-random-rb1.s11-00000","https://dovahkiin.stanford.edu/text2scene/eval/full-layout/seedsents-random-rb/s11/seedsents-random-rb1-s11-00000-2.jpg"
"full-layout/seedsents-rulebased","full-layout/seedsents-rulebased-11","There is a desk and there is a stapler on the desk. There is a notepad to the left of the stapler.","seedsents-rulebased5.s11-00000","https://dovahkiin.stanford.edu/text2scene/eval/full-layout/seedsents-rulebased/s11/seedsents-rulebased5-s11-00000-2.jpg"
"full-layout/seedsents-sempre","full-layout/seedsents-sempre-11","There is a desk and there is a stapler on the desk. There is a notepad to the left of the stapler.","seedsents-sempre1.s11-00000","https://dovahkiin.stanford.edu/text2scene/eval/full-layout/seedsents-sempre/s11/seedsents-sempre1-s11-00000-2.jpg"
"human","human-11","There is a desk and there is a stapler on the desk. There is a notepad to the left of the stapler.","desc2scene-4162","https://dovahkiin.stanford.edu/text2scene/screenshots/scenes/mturk/desc2scene-4162/desc2scene-4162-2.jpg"
"full-layout/seedsents-maxent","full-layout/seedsents-maxent-12","There is a desk and there is a stapler on the desk. There is a keyboard to the right of the stapler.","seedsents-maxent1.s12-00000","https://dovahkiin.stanford.edu/text2scene/eval/full-layout/seedsents-maxent/s12/seedsents-maxent1-s12-00000-2.jpg"
"full-layout/seedsents-maxent-rb","full-layout/seedsents-maxent-rb-12","There is a desk and there is a stapler on the desk. There is a keyboard to the right of the stapler.","seedsents-maxent-rb1.s12-00000","https://dovahkiin.stanford.edu/text2scene/eval/full-layout/seedsents-maxent-rb/s12/seedsents-maxent-rb1-s12-00000-2.jpg"
"full-layout/seedsents-random","full-layout/seedsents-random-12","There is a desk and there is a stapler on the desk. There is a keyboard to the right of the stapler.","seedsents-random1.s12-00000","https://dovahkiin.stanford.edu/text2scene/eval/full-layout/seedsents-random/s12/seedsents-random1-s12-00000-2.jpg"
"full-layout/seedsents-random-rb","full-layout/seedsents-random-rb-12","There is a desk and there is a stapler on the desk. There is a keyboard to the right of the stapler.","seedsents-random-rb1.s12-00000","https://dovahkiin.stanford.edu/text2scene/eval/full-layout/seedsents-random-rb/s12/seedsents-random-rb1-s12-00000-2.jpg"
"full-layout/seedsents-rulebased","full-layout/seedsents-rulebased-12","There is a desk and there is a stapler on the desk. There is a keyboard to the right of the stapler.","seedsents-rulebased5.s12-00000","https://dovahkiin.stanford.edu/text2scene/eval/full-layout/seedsents-rulebased/s12/seedsents-rulebased5-s12-00000-2.jpg"
"full-layout/seedsents-sempre","full-layout/seedsents-sempre-12","There is a desk and there is a stapler on the desk. There is a keyboard to the right of the stapler.","seedsents-sempre1.s12-00000","https://dovahkiin.stanford.edu/text2scene/eval/full-layout/seedsents-sempre/s12/seedsents-sempre1-s12-00000-2.jpg"
"human","human-12","There is a desk and there is a stapler on the desk. There is a keyboard to the right of the stapler.","desc2scene-4184","https://dovahkiin.stanford.edu/text2scene/screenshots/scenes/mturk/desc2scene-4184/desc2scene-4184-2.jpg"
"full-layout/seedsents-maxent","full-layout/seedsents-maxent-13","There is a table and a chair.","seedsents-maxent1.s13-00000","https://dovahkiin.stanford.edu/text2scene/eval/full-layout/seedsents-maxent/s13/seedsents-maxent1-s13-00000-2.jpg"
"full-layout/seedsents-maxent-rb","full-layout/seedsents-maxent-rb-13","There is a table and a chair.","seedsents-maxent-rb1.s13-00000","https://dovahkiin.stanford.edu/text2scene/eval/full-layout/seedsents-maxent-rb/s13/seedsents-maxent-rb1-s13-00000-2.jpg"
"full-layout/seedsents-random","full-layout/seedsents-random-13","There is a table and a chair.","seedsents-random1.s13-00000","https://dovahkiin.stanford.edu/text2scene/eval/full-layout/seedsents-random/s13/seedsents-random1-s13-00000-2.jpg"
"full-layout/seedsents-random-rb","full-layout/seedsents-random-rb-13","There is a table and a chair.","seedsents-random-rb1.s13-00000","https://dovahkiin.stanford.edu/text2scene/eval/full-layout/seedsents-random-rb/s13/seedsents-random-rb1-s13-00000-2.jpg"
"full-layout/seedsents-rulebased","full-layout/seedsents-rulebased-13","There is a table and a chair.","seedsents-rulebased5.s13-00000","https://dovahkiin.stanford.edu/text2scene/eval/full-layout/seedsents-rulebased/s13/seedsents-rulebased5-s13-00000-2.jpg"
"full-layout/seedsents-sempre","full-layout/seedsents-sempre-13","There is a table and a chair.","seedsents-sempre1.s13-00000","https://dovahkiin.stanford.edu/text2scene/eval/full-layout/seedsents-sempre/s13/seedsents-sempre1-s13-00000-2.jpg"
"human","human-13","There is a table and a chair.","desc2scene-4200","https://dovahkiin.stanford.edu/text2scene/screenshots/scenes/mturk/desc2scene-4200/desc2scene-4200-2.jpg"
"full-layout/seedsents-maxent","full-layout/seedsents-maxent-14","There is a table and there is a plate on the table.","seedsents-maxent1.s14-00000","https://dovahkiin.stanford.edu/text2scene/eval/full-layout/seedsents-maxent/s14/seedsents-maxent1-s14-00000-2.jpg"
"full-layout/seedsents-maxent-rb","full-layout/seedsents-maxent-rb-14","There is a table and there is a plate on the table.","seedsents-maxent-rb1.s14-00000","https://dovahkiin.stanford.edu/text2scene/eval/full-layout/seedsents-maxent-rb/s14/seedsents-maxent-rb1-s14-00000-2.jpg"
"full-layout/seedsents-random","full-layout/seedsents-random-14","There is a table and there is a plate on the table.","seedsents-random1.s14-00000","https://dovahkiin.stanford.edu/text2scene/eval/full-layout/seedsents-random/s14/seedsents-random1-s14-00000-2.jpg"
"full-layout/seedsents-random-rb","full-layout/seedsents-random-rb-14","There is a table and there is a plate on the table.","seedsents-random-rb1.s14-00000","https://dovahkiin.stanford.edu/text2scene/eval/full-layout/seedsents-random-rb/s14/seedsents-random-rb1-s14-00000-2.jpg"
"full-layout/seedsents-rulebased","full-layout/seedsents-rulebased-14","There is a table and there is a plate on the table.","seedsents-rulebased5.s14-00000","https://dovahkiin.stanford.edu/text2scene/eval/full-layout/seedsents-rulebased/s14/seedsents-rulebased5-s14-00000-2.jpg"
"full-layout/seedsents-sempre","full-layout/seedsents-sempre-14","There is a table and there is a plate on the table.","seedsents-sempre1.s14-00000","https://dovahkiin.stanford.edu/text2scene/eval/full-layout/seedsents-sempre/s14/seedsents-sempre1-s14-00000-2.jpg"
"human","human-14","There is a table and there is a plate on the table.","desc2scene-4183","https://dovahkiin.stanford.edu/text2scene/screenshots/scenes/mturk/desc2scene-4183/desc2scene-4183-2.jpg"
"full-layout/seedsents-maxent","full-layout/seedsents-maxent-15","There is a table and there are two plates on the table.","seedsents-maxent1.s15-00000","https://dovahkiin.stanford.edu/text2scene/eval/full-layout/seedsents-maxent/s15/seedsents-maxent1-s15-00000-2.jpg"
"full-layout/seedsents-maxent-rb","full-layout/seedsents-maxent-rb-15","There is a table and there are two plates on the table.","seedsents-maxent-rb1.s15-00000","https://dovahkiin.stanford.edu/text2scene/eval/full-layout/seedsents-maxent-rb/s15/seedsents-maxent-rb1-s15-00000-2.jpg"
"full-layout/seedsents-random","full-layout/seedsents-random-15","There is a table and there are two plates on the table.","seedsents-random1.s15-00000","https://dovahkiin.stanford.edu/text2scene/eval/full-layout/seedsents-random/s15/seedsents-random1-s15-00000-2.jpg"
"full-layout/seedsents-random-rb","full-layout/seedsents-random-rb-15","There is a table and there are two plates on the table.","seedsents-random-rb1.s15-00000","https://dovahkiin.stanford.edu/text2scene/eval/full-layout/seedsents-random-rb/s15/seedsents-random-rb1-s15-00000-2.jpg"
"full-layout/seedsents-rulebased","full-layout/seedsents-rulebased-15","There is a table and there are two plates on the table.","seedsents-rulebased5.s15-00000","https://dovahkiin.stanford.edu/text2scene/eval/full-layout/seedsents-rulebased/s15/seedsents-rulebased5-s15-00000-2.jpg"
"full-layout/seedsents-sempre","full-layout/seedsents-sempre-15","There is a table and there are two plates on the table.","seedsents-sempre1.s15-00000","https://dovahkiin.stanford.edu/text2scene/eval/full-layout/seedsents-sempre/s15/seedsents-sempre1-s15-00000-2.jpg"
"human","human-15","There is a table and there are two plates on the table.","desc2scene-4185","https://dovahkiin.stanford.edu/text2scene/screenshots/scenes/mturk/desc2scene-4185/desc2scene-4185-2.jpg"
"full-layout/seedsents-maxent","full-layout/seedsents-maxent-16","There is a table and there is a plate. There is a sandwich on the plate.","seedsents-maxent1.s16-00000","https://dovahkiin.stanford.edu/text2scene/eval/full-layout/seedsents-maxent/s16/seedsents-maxent1-s16-00000-2.jpg"
"full-layout/seedsents-maxent-rb","full-layout/seedsents-maxent-rb-16","There is a table and there is a plate. There is a sandwich on the plate.","seedsents-maxent-rb1.s16-00000","https://dovahkiin.stanford.edu/text2scene/eval/full-layout/seedsents-maxent-rb/s16/seedsents-maxent-rb1-s16-00000-2.jpg"
"full-layout/seedsents-random","full-layout/seedsents-random-16","There is a table and there is a plate. There is a sandwich on the plate.","seedsents-random1.s16-00000","https://dovahkiin.stanford.edu/text2scene/eval/full-layout/seedsents-random/s16/seedsents-random1-s16-00000-2.jpg"
"full-layout/seedsents-random-rb","full-layout/seedsents-random-rb-16","There is a table and there is a plate. There is a sandwich on the plate.","seedsents-random-rb1.s16-00000","https://dovahkiin.stanford.edu/text2scene/eval/full-layout/seedsents-random-rb/s16/seedsents-random-rb1-s16-00000-2.jpg"
"full-layout/seedsents-rulebased","full-layout/seedsents-rulebased-16","There is a table and there is a plate. There is a sandwich on the plate.","seedsents-rulebased5.s16-00000","https://dovahkiin.stanford.edu/text2scene/eval/full-layout/seedsents-rulebased/s16/seedsents-rulebased5-s16-00000-2.jpg"
"full-layout/seedsents-sempre","full-layout/seedsents-sempre-16","There is a table and there is a plate. There is a sandwich on the plate.","seedsents-sempre1.s16-00000","https://dovahkiin.stanford.edu/text2scene/eval/full-layout/seedsents-sempre/s16/seedsents-sempre1-s16-00000-2.jpg"
"human","human-16","There is a table and there is a plate. There is a sandwich on the plate.","desc2scene-4139","https://dovahkiin.stanford.edu/text2scene/screenshots/scenes/mturk/desc2scene-4139/desc2scene-4139-2.jpg"
"full-layout/seedsents-maxent","full-layout/seedsents-maxent-17","There is a table and there is a sandwich.","seedsents-maxent1.s17-00000","https://dovahkiin.stanford.edu/text2scene/eval/full-layout/seedsents-maxent/s17/seedsents-maxent1-s17-00000-2.jpg"
"full-layout/seedsents-maxent-rb","full-layout/seedsents-maxent-rb-17","There is a table and there is a sandwich.","seedsents-maxent-rb1.s17-00000","https://dovahkiin.stanford.edu/text2scene/eval/full-layout/seedsents-maxent-rb/s17/seedsents-maxent-rb1-s17-00000-2.jpg"
"full-layout/seedsents-random","full-layout/seedsents-random-17","There is a table and there is a sandwich.","seedsents-random1.s17-00000","https://dovahkiin.stanford.edu/text2scene/eval/full-layout/seedsents-random/s17/seedsents-random1-s17-00000-2.jpg"
"full-layout/seedsents-random-rb","full-layout/seedsents-random-rb-17","There is a table and there is a sandwich.","seedsents-random-rb1.s17-00000","https://dovahkiin.stanford.edu/text2scene/eval/full-layout/seedsents-random-rb/s17/seedsents-random-rb1-s17-00000-2.jpg"
"full-layout/seedsents-rulebased","full-layout/seedsents-rulebased-17","There is a table and there is a sandwich.","seedsents-rulebased5.s17-00000","https://dovahkiin.stanford.edu/text2scene/eval/full-layout/seedsents-rulebased/s17/seedsents-rulebased5-s17-00000-2.jpg"
"full-layout/seedsents-sempre","full-layout/seedsents-sempre-17","There is a table and there is a sandwich.","seedsents-sempre1.s17-00000","https://dovahkiin.stanford.edu/text2scene/eval/full-layout/seedsents-sempre/s17/seedsents-sempre1-s17-00000-2.jpg"
"human","human-17","There is a table and there is a sandwich.","desc2scene-4104","https://dovahkiin.stanford.edu/text2scene/screenshots/scenes/mturk/desc2scene-4104/desc2scene-4104-2.jpg"
"full-layout/seedsents-maxent","full-layout/seedsents-maxent-18","There is a table and there is a lamp.","seedsents-maxent1.s18-00000","https://dovahkiin.stanford.edu/text2scene/eval/full-layout/seedsents-maxent/s18/seedsents-maxent1-s18-00000-2.jpg"
"full-layout/seedsents-maxent-rb","full-layout/seedsents-maxent-rb-18","There is a table and there is a lamp.","seedsents-maxent-rb1.s18-00000","https://dovahkiin.stanford.edu/text2scene/eval/full-layout/seedsents-maxent-rb/s18/seedsents-maxent-rb1-s18-00000-2.jpg"
"full-layout/seedsents-random","full-layout/seedsents-random-18","There is a table and there is a lamp.","seedsents-random1.s18-00000","https://dovahkiin.stanford.edu/text2scene/eval/full-layout/seedsents-random/s18/seedsents-random1-s18-00000-2.jpg"
"full-layout/seedsents-random-rb","full-layout/seedsents-random-rb-18","There is a table and there is a lamp.","seedsents-random-rb1.s18-00000","https://dovahkiin.stanford.edu/text2scene/eval/full-layout/seedsents-random-rb/s18/seedsents-random-rb1-s18-00000-2.jpg"
"full-layout/seedsents-rulebased","full-layout/seedsents-rulebased-18","There is a table and there is a lamp.","seedsents-rulebased5.s18-00000","https://dovahkiin.stanford.edu/text2scene/eval/full-layout/seedsents-rulebased/s18/seedsents-rulebased5-s18-00000-2.jpg"
"full-layout/seedsents-sempre","full-layout/seedsents-sempre-18","There is a table and there is a lamp.","seedsents-sempre1.s18-00000","https://dovahkiin.stanford.edu/text2scene/eval/full-layout/seedsents-sempre/s18/seedsents-sempre1-s18-00000-2.jpg"
"human","human-18","There is a table and there is a lamp.","desc2scene-4216","https://dovahkiin.stanford.edu/text2scene/screenshots/scenes/mturk/desc2scene-4216/desc2scene-4216-2.jpg"
"full-layout/seedsents-maxent","full-layout/seedsents-maxent-19","There is a table and there is a chair to the left of the table.","seedsents-maxent1.s19-00000","https://dovahkiin.stanford.edu/text2scene/eval/full-layout/seedsents-maxent/s19/seedsents-maxent1-s19-00000-2.jpg"
"full-layout/seedsents-maxent-rb","full-layout/seedsents-maxent-rb-19","There is a table and there is a chair to the left of the table.","seedsents-maxent-rb1.s19-00000","https://dovahkiin.stanford.edu/text2scene/eval/full-layout/seedsents-maxent-rb/s19/seedsents-maxent-rb1-s19-00000-2.jpg"
"full-layout/seedsents-random","full-layout/seedsents-random-19","There is a table and there is a chair to the left of the table.","seedsents-random1.s19-00000","https://dovahkiin.stanford.edu/text2scene/eval/full-layout/seedsents-random/s19/seedsents-random1-s19-00000-2.jpg"
"full-layout/seedsents-random-rb","full-layout/seedsents-random-rb-19","There is a table and there is a chair to the left of the table.","seedsents-random-rb1.s19-00000","https://dovahkiin.stanford.edu/text2scene/eval/full-layout/seedsents-random-rb/s19/seedsents-random-rb1-s19-00000-2.jpg"
"full-layout/seedsents-rulebased","full-layout/seedsents-rulebased-19","There is a table and there is a chair to the left of the table.","seedsents-rulebased5.s19-00000","https://dovahkiin.stanford.edu/text2scene/eval/full-layout/seedsents-rulebased/s19/seedsents-rulebased5-s19-00000-2.jpg"
"full-layout/seedsents-sempre","full-layout/seedsents-sempre-19","There is a table and there is a chair to the left of the table.","seedsents-sempre1.s19-00000","https://dovahkiin.stanford.edu/text2scene/eval/full-layout/seedsents-sempre/s19/seedsents-sempre1-s19-00000-2.jpg"
"human","human-19","There is a table and there is a chair to the left of the table.","desc2scene-4217","https://dovahkiin.stanford.edu/text2scene/screenshots/scenes/mturk/desc2scene-4217/desc2scene-4217-2.jpg"
"full-layout/seedsents-maxent","full-layout/seedsents-maxent-20","There is a table and there is a chair to the right of the table.","seedsents-maxent1.s20-00000","https://dovahkiin.stanford.edu/text2scene/eval/full-layout/seedsents-maxent/s20/seedsents-maxent1-s20-00000-2.jpg"
"full-layout/seedsents-maxent-rb","full-layout/seedsents-maxent-rb-20","There is a table and there is a chair to the right of the table.","seedsents-maxent-rb1.s20-00000","https://dovahkiin.stanford.edu/text2scene/eval/full-layout/seedsents-maxent-rb/s20/seedsents-maxent-rb1-s20-00000-2.jpg"
"full-layout/seedsents-random","full-layout/seedsents-random-20","There is a table and there is a chair to the right of the table.","seedsents-random1.s20-00000","https://dovahkiin.stanford.edu/text2scene/eval/full-layout/seedsents-random/s20/seedsents-random1-s20-00000-2.jpg"
"full-layout/seedsents-random-rb","full-layout/seedsents-random-rb-20","There is a table and there is a chair to the right of the table.","seedsents-random-rb1.s20-00000","https://dovahkiin.stanford.edu/text2scene/eval/full-layout/seedsents-random-rb/s20/seedsents-random-rb1-s20-00000-2.jpg"
"full-layout/seedsents-rulebased","full-layout/seedsents-rulebased-20","There is a table and there is a chair to the right of the table.","seedsents-rulebased5.s20-00000","https://dovahkiin.stanford.edu/text2scene/eval/full-layout/seedsents-rulebased/s20/seedsents-rulebased5-s20-00000-2.jpg"
"full-layout/seedsents-sempre","full-layout/seedsents-sempre-20","There is a table and there is a chair to the right of the table.","seedsents-sempre1.s20-00000","https://dovahkiin.stanford.edu/text2scene/eval/full-layout/seedsents-sempre/s20/seedsents-sempre1-s20-00000-2.jpg"
"human","human-20","There is a table and there is a chair to the right of the table.","desc2scene-4221","https://dovahkiin.stanford.edu/text2scene/screenshots/scenes/mturk/desc2scene-4221/desc2scene-4221-2.jpg"
"full-layout/seedsents-maxent","full-layout/seedsents-maxent-21","There is a table and there is a lamp on the table.","seedsents-maxent1.s21-00000","https://dovahkiin.stanford.edu/text2scene/eval/full-layout/seedsents-maxent/s21/seedsents-maxent1-s21-00000-2.jpg"
"full-layout/seedsents-maxent-rb","full-layout/seedsents-maxent-rb-21","There is a table and there is a lamp on the table.","seedsents-maxent-rb1.s21-00000","https://dovahkiin.stanford.edu/text2scene/eval/full-layout/seedsents-maxent-rb/s21/seedsents-maxent-rb1-s21-00000-2.jpg"
"full-layout/seedsents-random","full-layout/seedsents-random-21","There is a table and there is a lamp on the table.","seedsents-random1.s21-00000","https://dovahkiin.stanford.edu/text2scene/eval/full-layout/seedsents-random/s21/seedsents-random1-s21-00000-2.jpg"
"full-layout/seedsents-random-rb","full-layout/seedsents-random-rb-21","There is a table and there is a lamp on the table.","seedsents-random-rb1.s21-00000","https://dovahkiin.stanford.edu/text2scene/eval/full-layout/seedsents-random-rb/s21/seedsents-random-rb1-s21-00000-2.jpg"
"full-layout/seedsents-rulebased","full-layout/seedsents-rulebased-21","There is a table and there is a lamp on the table.","seedsents-rulebased5.s21-00000","https://dovahkiin.stanford.edu/text2scene/eval/full-layout/seedsents-rulebased/s21/seedsents-rulebased5-s21-00000-2.jpg"
"full-layout/seedsents-sempre","full-layout/seedsents-sempre-21","There is a table and there is a lamp on the table.","seedsents-sempre1.s21-00000","https://dovahkiin.stanford.edu/text2scene/eval/full-layout/seedsents-sempre/s21/seedsents-sempre1-s21-00000-2.jpg"
"human","human-21","There is a table and there is a lamp on the table.","desc2scene-4206","https://dovahkiin.stanford.edu/text2scene/screenshots/scenes/mturk/desc2scene-4206/desc2scene-4206-2.jpg"
"full-layout/seedsents-maxent","full-layout/seedsents-maxent-22","There is a table and there are two chairs.","seedsents-maxent1.s22-00000","https://dovahkiin.stanford.edu/text2scene/eval/full-layout/seedsents-maxent/s22/seedsents-maxent1-s22-00000-2.jpg"
"full-layout/seedsents-maxent-rb","full-layout/seedsents-maxent-rb-22","There is a table and there are two chairs.","seedsents-maxent-rb1.s22-00000","https://dovahkiin.stanford.edu/text2scene/eval/full-layout/seedsents-maxent-rb/s22/seedsents-maxent-rb1-s22-00000-2.jpg"
"full-layout/seedsents-random","full-layout/seedsents-random-22","There is a table and there are two chairs.","seedsents-random1.s22-00000","https://dovahkiin.stanford.edu/text2scene/eval/full-layout/seedsents-random/s22/seedsents-random1-s22-00000-2.jpg"
"full-layout/seedsents-random-rb","full-layout/seedsents-random-rb-22","There is a table and there are two chairs.","seedsents-random-rb1.s22-00000","https://dovahkiin.stanford.edu/text2scene/eval/full-layout/seedsents-random-rb/s22/seedsents-random-rb1-s22-00000-2.jpg"
"full-layout/seedsents-rulebased","full-layout/seedsents-rulebased-22","There is a table and there are two chairs.","seedsents-rulebased5.s22-00000","https://dovahkiin.stanford.edu/text2scene/eval/full-layout/seedsents-rulebased/s22/seedsents-rulebased5-s22-00000-2.jpg"
"full-layout/seedsents-sempre","full-layout/seedsents-sempre-22","There is a table and there are two chairs.","seedsents-sempre1.s22-00000","https://dovahkiin.stanford.edu/text2scene/eval/full-layout/seedsents-sempre/s22/seedsents-sempre1-s22-00000-2.jpg"
"human","human-22","There is a table and there are two chairs.","desc2scene-4118","https://dovahkiin.stanford.edu/text2scene/screenshots/scenes/mturk/desc2scene-4118/desc2scene-4118-2.jpg"
"full-layout/seedsents-maxent","full-layout/seedsents-maxent-23","There is a table and there are four chairs.","seedsents-maxent1.s23-00000","https://dovahkiin.stanford.edu/text2scene/eval/full-layout/seedsents-maxent/s23/seedsents-maxent1-s23-00000-2.jpg"
"full-layout/seedsents-maxent-rb","full-layout/seedsents-maxent-rb-23","There is a table and there are four chairs.","seedsents-maxent-rb1.s23-00000","https://dovahkiin.stanford.edu/text2scene/eval/full-layout/seedsents-maxent-rb/s23/seedsents-maxent-rb1-s23-00000-2.jpg"
"full-layout/seedsents-random","full-layout/seedsents-random-23","There is a table and there are four chairs.","seedsents-random1.s23-00000","https://dovahkiin.stanford.edu/text2scene/eval/full-layout/seedsents-random/s23/seedsents-random1-s23-00000-2.jpg"
"full-layout/seedsents-random-rb","full-layout/seedsents-random-rb-23","There is a table and there are four chairs.","seedsents-random-rb1.s23-00000","https://dovahkiin.stanford.edu/text2scene/eval/full-layout/seedsents-random-rb/s23/seedsents-random-rb1-s23-00000-2.jpg"
"full-layout/seedsents-rulebased","full-layout/seedsents-rulebased-23","There is a table and there are four chairs.","seedsents-rulebased5.s23-00000","https://dovahkiin.stanford.edu/text2scene/eval/full-layout/seedsents-rulebased/s23/seedsents-rulebased5-s23-00000-2.jpg"
"full-layout/seedsents-sempre","full-layout/seedsents-sempre-23","There is a table and there are four chairs.","seedsents-sempre1.s23-00000","https://dovahkiin.stanford.edu/text2scene/eval/full-layout/seedsents-sempre/s23/seedsents-sempre1-s23-00000-2.jpg"
"human","human-23","There is a table and there are four chairs.","desc2scene-4209","https://dovahkiin.stanford.edu/text2scene/screenshots/scenes/mturk/desc2scene-4209/desc2scene-4209-2.jpg"
"full-layout/seedsents-maxent","full-layout/seedsents-maxent-24","There is a table and there are four chairs.  There are four plates and there are four sandwiches.","seedsents-maxent1.s24-00000","https://dovahkiin.stanford.edu/text2scene/eval/full-layout/seedsents-maxent/s24/seedsents-maxent1-s24-00000-2.jpg"
"full-layout/seedsents-maxent-rb","full-layout/seedsents-maxent-rb-24","There is a table and there are four chairs.  There are four plates and there are four sandwiches.","seedsents-maxent-rb1.s24-00000","https://dovahkiin.stanford.edu/text2scene/eval/full-layout/seedsents-maxent-rb/s24/seedsents-maxent-rb1-s24-00000-2.jpg"
"full-layout/seedsents-random","full-layout/seedsents-random-24","There is a table and there are four chairs.  There are four plates and there are four sandwiches.","seedsents-random1.s24-00000","https://dovahkiin.stanford.edu/text2scene/eval/full-layout/seedsents-random/s24/seedsents-random1-s24-00000-2.jpg"
"full-layout/seedsents-random-rb","full-layout/seedsents-random-rb-24","There is a table and there are four chairs.  There are four plates and there are four sandwiches.","seedsents-random-rb1.s24-00000","https://dovahkiin.stanford.edu/text2scene/eval/full-layout/seedsents-random-rb/s24/seedsents-random-rb1-s24-00000-2.jpg"
"full-layout/seedsents-rulebased","full-layout/seedsents-rulebased-24","There is a table and there are four chairs.  There are four plates and there are four sandwiches.","seedsents-rulebased5.s24-00000","https://dovahkiin.stanford.edu/text2scene/eval/full-layout/seedsents-rulebased/s24/seedsents-rulebased5-s24-00000-2.jpg"
"full-layout/seedsents-sempre","full-layout/seedsents-sempre-24","There is a table and there are four chairs.  There are four plates and there are four sandwiches.","seedsents-sempre1.s24-00000","https://dovahkiin.stanford.edu/text2scene/eval/full-layout/seedsents-sempre/s24/seedsents-sempre1-s24-00000-2.jpg"
"human","human-24","There is a table and there are four chairs.  There are four plates and there are four sandwiches.","desc2scene-4166","https://dovahkiin.stanford.edu/text2scene/screenshots/scenes/mturk/desc2scene-4166/desc2scene-4166-2.jpg"
"full-layout/seedsents-maxent","full-layout/seedsents-maxent-25","There is a table and there is a chair to the left of the table.  There is a chair to the right of the table.","seedsents-maxent1.s25-00000","https://dovahkiin.stanford.edu/text2scene/eval/full-layout/seedsents-maxent/s25/seedsents-maxent1-s25-00000-2.jpg"
"full-layout/seedsents-maxent-rb","full-layout/seedsents-maxent-rb-25","There is a table and there is a chair to the left of the table.  There is a chair to the right of the table.","seedsents-maxent-rb1.s25-00000","https://dovahkiin.stanford.edu/text2scene/eval/full-layout/seedsents-maxent-rb/s25/seedsents-maxent-rb1-s25-00000-2.jpg"
"full-layout/seedsents-random","full-layout/seedsents-random-25","There is a table and there is a chair to the left of the table.  There is a chair to the right of the table.","seedsents-random1.s25-00000","https://dovahkiin.stanford.edu/text2scene/eval/full-layout/seedsents-random/s25/seedsents-random1-s25-00000-2.jpg"
"full-layout/seedsents-random-rb","full-layout/seedsents-random-rb-25","There is a table and there is a chair to the left of the table.  There is a chair to the right of the table.","seedsents-random-rb1.s25-00000","https://dovahkiin.stanford.edu/text2scene/eval/full-layout/seedsents-random-rb/s25/seedsents-random-rb1-s25-00000-2.jpg"
"full-layout/seedsents-rulebased","full-layout/seedsents-rulebased-25","There is a table and there is a chair to the left of the table.  There is a chair to the right of the table.","seedsents-rulebased5.s25-00000","https://dovahkiin.stanford.edu/text2scene/eval/full-layout/seedsents-rulebased/s25/seedsents-rulebased5-s25-00000-2.jpg"
"full-layout/seedsents-sempre","full-layout/seedsents-sempre-25","There is a table and there is a chair to the left of the table.  There is a chair to the right of the table.","seedsents-sempre1.s25-00000","https://dovahkiin.stanford.edu/text2scene/eval/full-layout/seedsents-sempre/s25/seedsents-sempre1-s25-00000-2.jpg"
"human","human-25","There is a table and there is a chair to the left of the table.  There is a chair to the right of the table.","desc2scene-4194","https://dovahkiin.stanford.edu/text2scene/screenshots/scenes/mturk/desc2scene-4194/desc2scene-4194-2.jpg"
"full-layout/seedsents-maxent","full-layout/seedsents-maxent-26","There is a table and there is a chair in front of the table. There is a chair behind the table.","seedsents-maxent1.s26-00000","https://dovahkiin.stanford.edu/text2scene/eval/full-layout/seedsents-maxent/s26/seedsents-maxent1-s26-00000-2.jpg"
"full-layout/seedsents-maxent-rb","full-layout/seedsents-maxent-rb-26","There is a table and there is a chair in front of the table. There is a chair behind the table.","seedsents-maxent-rb1.s26-00000","https://dovahkiin.stanford.edu/text2scene/eval/full-layout/seedsents-maxent-rb/s26/seedsents-maxent-rb1-s26-00000-2.jpg"
"full-layout/seedsents-random","full-layout/seedsents-random-26","There is a table and there is a chair in front of the table. There is a chair behind the table.","seedsents-random1.s26-00000","https://dovahkiin.stanford.edu/text2scene/eval/full-layout/seedsents-random/s26/seedsents-random1-s26-00000-2.jpg"
"full-layout/seedsents-random-rb","full-layout/seedsents-random-rb-26","There is a table and there is a chair in front of the table. There is a chair behind the table.","seedsents-random-rb1.s26-00000","https://dovahkiin.stanford.edu/text2scene/eval/full-layout/seedsents-random-rb/s26/seedsents-random-rb1-s26-00000-2.jpg"
"full-layout/seedsents-rulebased","full-layout/seedsents-rulebased-26","There is a table and there is a chair in front of the table. There is a chair behind the table.","seedsents-rulebased5.s26-00000","https://dovahkiin.stanford.edu/text2scene/eval/full-layout/seedsents-rulebased/s26/seedsents-rulebased5-s26-00000-2.jpg"
"full-layout/seedsents-sempre","full-layout/seedsents-sempre-26","There is a table and there is a chair in front of the table. There is a chair behind the table.","seedsents-sempre1.s26-00000","https://dovahkiin.stanford.edu/text2scene/eval/full-layout/seedsents-sempre/s26/seedsents-sempre1-s26-00000-2.jpg"
"human","human-26","There is a table and there is a chair in front of the table. There is a chair behind the table.","desc2scene-4203","https://dovahkiin.stanford.edu/text2scene/screenshots/scenes/mturk/desc2scene-4203/desc2scene-4203-2.jpg"
"full-layout/seedsents-maxent","full-layout/seedsents-maxent-27","There is a table and there is a chair to the left of the table.  There is a chair to the right of the table. There is a chair in front of the table. There is a chair behind the table.","seedsents-maxent1.s27-00000","https://dovahkiin.stanford.edu/text2scene/eval/full-layout/seedsents-maxent/s27/seedsents-maxent1-s27-00000-2.jpg"
"full-layout/seedsents-maxent-rb","full-layout/seedsents-maxent-rb-27","There is a table and there is a chair to the left of the table.  There is a chair to the right of the table. There is a chair in front of the table. There is a chair behind the table.","seedsents-maxent-rb1.s27-00000","https://dovahkiin.stanford.edu/text2scene/eval/full-layout/seedsents-maxent-rb/s27/seedsents-maxent-rb1-s27-00000-2.jpg"
"full-layout/seedsents-random","full-layout/seedsents-random-27","There is a table and there is a chair to the left of the table.  There is a chair to the right of the table. There is a chair in front of the table. There is a chair behind the table.","seedsents-random1.s27-00000","https://dovahkiin.stanford.edu/text2scene/eval/full-layout/seedsents-random/s27/seedsents-random1-s27-00000-2.jpg"
"full-layout/seedsents-random-rb","full-layout/seedsents-random-rb-27","There is a table and there is a chair to the left of the table.  There is a chair to the right of the table. There is a chair in front of the table. There is a chair behind the table.","seedsents-random-rb1.s27-00000","https://dovahkiin.stanford.edu/text2scene/eval/full-layout/seedsents-random-rb/s27/seedsents-random-rb1-s27-00000-2.jpg"
"full-layout/seedsents-rulebased","full-layout/seedsents-rulebased-27","There is a table and there is a chair to the left of the table.  There is a chair to the right of the table. There is a chair in front of the table. There is a chair behind the table.","seedsents-rulebased5.s27-00000","https://dovahkiin.stanford.edu/text2scene/eval/full-layout/seedsents-rulebased/s27/seedsents-rulebased5-s27-00000-2.jpg"
"full-layout/seedsents-sempre","full-layout/seedsents-sempre-27","There is a table and there is a chair to the left of the table.  There is a chair to the right of the table. There is a chair in front of the table. There is a chair behind the table.","seedsents-sempre1.s27-00000","https://dovahkiin.stanford.edu/text2scene/eval/full-layout/seedsents-sempre/s27/seedsents-sempre1-s27-00000-2.jpg"
"human","human-27","There is a table and there is a chair to the left of the table.  There is a chair to the right of the table. There is a chair in front of the table. There is a chair behind the table.","desc2scene-4191","https://dovahkiin.stanford.edu/text2scene/screenshots/scenes/mturk/desc2scene-4191/desc2scene-4191-2.jpg"
"full-layout/seedsents-maxent","full-layout/seedsents-maxent-28","There is a bed next to the wall.","seedsents-maxent1.s28-00000","https://dovahkiin.stanford.edu/text2scene/eval/full-layout/seedsents-maxent/s28/seedsents-maxent1-s28-00000-2.jpg"
"full-layout/seedsents-maxent-rb","full-layout/seedsents-maxent-rb-28","There is a bed next to the wall.","seedsents-maxent-rb1.s28-00000","https://dovahkiin.stanford.edu/text2scene/eval/full-layout/seedsents-maxent-rb/s28/seedsents-maxent-rb1-s28-00000-2.jpg"
"full-layout/seedsents-random","full-layout/seedsents-random-28","There is a bed next to the wall.","seedsents-random1.s28-00000","https://dovahkiin.stanford.edu/text2scene/eval/full-layout/seedsents-random/s28/seedsents-random1-s28-00000-2.jpg"
"full-layout/seedsents-random-rb","full-layout/seedsents-random-rb-28","There is a bed next to the wall.","seedsents-random-rb1.s28-00000","https://dovahkiin.stanford.edu/text2scene/eval/full-layout/seedsents-random-rb/s28/seedsents-random-rb1-s28-00000-2.jpg"
"full-layout/seedsents-rulebased","full-layout/seedsents-rulebased-28","There is a bed next to the wall.","seedsents-rulebased5.s28-00000","https://dovahkiin.stanford.edu/text2scene/eval/full-layout/seedsents-rulebased/s28/seedsents-rulebased5-s28-00000-2.jpg"
"full-layout/seedsents-sempre","full-layout/seedsents-sempre-28","There is a bed next to the wall.","seedsents-sempre1.s28-00000","https://dovahkiin.stanford.edu/text2scene/eval/full-layout/seedsents-sempre/s28/seedsents-sempre1-s28-00000-2.jpg"
"human","human-28","There is a bed next to the wall.","desc2scene-4137","https://dovahkiin.stanford.edu/text2scene/screenshots/scenes/mturk/desc2scene-4137/desc2scene-4137-2.jpg"
"full-layout/seedsents-maxent","full-layout/seedsents-maxent-29","There is a bed and there is a laptop on the bed.","seedsents-maxent1.s29-00000","https://dovahkiin.stanford.edu/text2scene/eval/full-layout/seedsents-maxent/s29/seedsents-maxent1-s29-00000-2.jpg"
"full-layout/seedsents-maxent-rb","full-layout/seedsents-maxent-rb-29","There is a bed and there is a laptop on the bed.","seedsents-maxent-rb1.s29-00000","https://dovahkiin.stanford.edu/text2scene/eval/full-layout/seedsents-maxent-rb/s29/seedsents-maxent-rb1-s29-00000-2.jpg"
"full-layout/seedsents-random","full-layout/seedsents-random-29","There is a bed and there is a laptop on the bed.","seedsents-random1.s29-00000","https://dovahkiin.stanford.edu/text2scene/eval/full-layout/seedsents-random/s29/seedsents-random1-s29-00000-2.jpg"
"full-layout/seedsents-random-rb","full-layout/seedsents-random-rb-29","There is a bed and there is a laptop on the bed.","seedsents-random-rb1.s29-00000","https://dovahkiin.stanford.edu/text2scene/eval/full-layout/seedsents-random-rb/s29/seedsents-random-rb1-s29-00000-2.jpg"
"full-layout/seedsents-rulebased","full-layout/seedsents-rulebased-29","There is a bed and there is a laptop on the bed.","seedsents-rulebased5.s29-00000","https://dovahkiin.stanford.edu/text2scene/eval/full-layout/seedsents-rulebased/s29/seedsents-rulebased5-s29-00000-2.jpg"
"full-layout/seedsents-sempre","full-layout/seedsents-sempre-29","There is a bed and there is a laptop on the bed.","seedsents-sempre1.s29-00000","https://dovahkiin.stanford.edu/text2scene/eval/full-layout/seedsents-sempre/s29/seedsents-sempre1-s29-00000-2.jpg"
"human","human-29","There is a bed and there is a laptop on the bed.","desc2scene-2661","https://dovahkiin.stanford.edu/text2scene/screenshots/scenes/mturk/desc2scene-2661/desc2scene-2661-2.jpg"
"full-layout/seedsents-maxent","full-layout/seedsents-maxent-30","There is a bed and there is a pillow on the bed.","seedsents-maxent1.s30-00000","https://dovahkiin.stanford.edu/text2scene/eval/full-layout/seedsents-maxent/s30/seedsents-maxent1-s30-00000-2.jpg"
"full-layout/seedsents-maxent-rb","full-layout/seedsents-maxent-rb-30","There is a bed and there is a pillow on the bed.","seedsents-maxent-rb1.s30-00000","https://dovahkiin.stanford.edu/text2scene/eval/full-layout/seedsents-maxent-rb/s30/seedsents-maxent-rb1-s30-00000-2.jpg"
"full-layout/seedsents-random","full-layout/seedsents-random-30","There is a bed and there is a pillow on the bed.","seedsents-random1.s30-00000","https://dovahkiin.stanford.edu/text2scene/eval/full-layout/seedsents-random/s30/seedsents-random1-s30-00000-2.jpg"
"full-layout/seedsents-random-rb","full-layout/seedsents-random-rb-30","There is a bed and there is a pillow on the bed.","seedsents-random-rb1.s30-00000","https://dovahkiin.stanford.edu/text2scene/eval/full-layout/seedsents-random-rb/s30/seedsents-random-rb1-s30-00000-2.jpg"
"full-layout/seedsents-rulebased","full-layout/seedsents-rulebased-30","There is a bed and there is a pillow on the bed.","seedsents-rulebased5.s30-00000","https://dovahkiin.stanford.edu/text2scene/eval/full-layout/seedsents-rulebased/s30/seedsents-rulebased5-s30-00000-2.jpg"
"full-layout/seedsents-sempre","full-layout/seedsents-sempre-30","There is a bed and there is a pillow on the bed.","seedsents-sempre1.s30-00000","https://dovahkiin.stanford.edu/text2scene/eval/full-layout/seedsents-sempre/s30/seedsents-sempre1-s30-00000-2.jpg"
"human","human-30","There is a bed and there is a pillow on the bed.","desc2scene-4210","https://dovahkiin.stanford.edu/text2scene/screenshots/scenes/mturk/desc2scene-4210/desc2scene-4210-2.jpg"
"full-layout/seedsents-maxent","full-layout/seedsents-maxent-31","There is a bed and there is a nightstand next to the bed.","seedsents-maxent1.s31-00000","https://dovahkiin.stanford.edu/text2scene/eval/full-layout/seedsents-maxent/s31/seedsents-maxent1-s31-00000-2.jpg"
"full-layout/seedsents-maxent-rb","full-layout/seedsents-maxent-rb-31","There is a bed and there is a nightstand next to the bed.","seedsents-maxent-rb1.s31-00000","https://dovahkiin.stanford.edu/text2scene/eval/full-layout/seedsents-maxent-rb/s31/seedsents-maxent-rb1-s31-00000-2.jpg"
"full-layout/seedsents-random","full-layout/seedsents-random-31","There is a bed and there is a nightstand next to the bed.","seedsents-random1.s31-00000","https://dovahkiin.stanford.edu/text2scene/eval/full-layout/seedsents-random/s31/seedsents-random1-s31-00000-2.jpg"
"full-layout/seedsents-random-rb","full-layout/seedsents-random-rb-31","There is a bed and there is a nightstand next to the bed.","seedsents-random-rb1.s31-00000","https://dovahkiin.stanford.edu/text2scene/eval/full-layout/seedsents-random-rb/s31/seedsents-random-rb1-s31-00000-2.jpg"
"full-layout/seedsents-rulebased","full-layout/seedsents-rulebased-31","There is a bed and there is a nightstand next to the bed.","seedsents-rulebased5.s31-00000","https://dovahkiin.stanford.edu/text2scene/eval/full-layout/seedsents-rulebased/s31/seedsents-rulebased5-s31-00000-2.jpg"
"full-layout/seedsents-sempre","full-layout/seedsents-sempre-31","There is a bed and there is a nightstand next to the bed.","seedsents-sempre1.s31-00000","https://dovahkiin.stanford.edu/text2scene/eval/full-layout/seedsents-sempre/s31/seedsents-sempre1-s31-00000-2.jpg"
"human","human-31","There is a bed and there is a nightstand next to the bed.","desc2scene-4192","https://dovahkiin.stanford.edu/text2scene/screenshots/scenes/mturk/desc2scene-4192/desc2scene-4192-2.jpg"
"full-layout/seedsents-maxent","full-layout/seedsents-maxent-32","There is a bed and there is a nightstand next to the bed. There is a floor lamp next to the nightstand.","seedsents-maxent1.s32-00000","https://dovahkiin.stanford.edu/text2scene/eval/full-layout/seedsents-maxent/s32/seedsents-maxent1-s32-00000-2.jpg"
"full-layout/seedsents-maxent-rb","full-layout/seedsents-maxent-rb-32","There is a bed and there is a nightstand next to the bed. There is a floor lamp next to the nightstand.","seedsents-maxent-rb1.s32-00000","https://dovahkiin.stanford.edu/text2scene/eval/full-layout/seedsents-maxent-rb/s32/seedsents-maxent-rb1-s32-00000-2.jpg"
"full-layout/seedsents-random","full-layout/seedsents-random-32","There is a bed and there is a nightstand next to the bed. There is a floor lamp next to the nightstand.","seedsents-random1.s32-00000","https://dovahkiin.stanford.edu/text2scene/eval/full-layout/seedsents-random/s32/seedsents-random1-s32-00000-2.jpg"
"full-layout/seedsents-random-rb","full-layout/seedsents-random-rb-32","There is a bed and there is a nightstand next to the bed. There is a floor lamp next to the nightstand.","seedsents-random-rb1.s32-00000","https://dovahkiin.stanford.edu/text2scene/eval/full-layout/seedsents-random-rb/s32/seedsents-random-rb1-s32-00000-2.jpg"
"full-layout/seedsents-rulebased","full-layout/seedsents-rulebased-32","There is a bed and there is a nightstand next to the bed. There is a floor lamp next to the nightstand.","seedsents-rulebased5.s32-00000","https://dovahkiin.stanford.edu/text2scene/eval/full-layout/seedsents-rulebased/s32/seedsents-rulebased5-s32-00000-2.jpg"
"full-layout/seedsents-sempre","full-layout/seedsents-sempre-32","There is a bed and there is a nightstand next to the bed. There is a floor lamp next to the nightstand.","seedsents-sempre1.s32-00000","https://dovahkiin.stanford.edu/text2scene/eval/full-layout/seedsents-sempre/s32/seedsents-sempre1-s32-00000-2.jpg"
"human","human-32","There is a bed and there is a nightstand next to the bed. There is a floor lamp next to the nightstand.","desc2scene-4218","https://dovahkiin.stanford.edu/text2scene/screenshots/scenes/mturk/desc2scene-4218/desc2scene-4218-2.jpg"
"full-layout/seedsents-maxent","full-layout/seedsents-maxent-33","There is a bed and there is a nightstand next to the bed. There is a floor lamp next to the bed.","seedsents-maxent1.s33-00000","https://dovahkiin.stanford.edu/text2scene/eval/full-layout/seedsents-maxent/s33/seedsents-maxent1-s33-00000-2.jpg"
"full-layout/seedsents-maxent-rb","full-layout/seedsents-maxent-rb-33","There is a bed and there is a nightstand next to the bed. There is a floor lamp next to the bed.","seedsents-maxent-rb1.s33-00000","https://dovahkiin.stanford.edu/text2scene/eval/full-layout/seedsents-maxent-rb/s33/seedsents-maxent-rb1-s33-00000-2.jpg"
"full-layout/seedsents-random","full-layout/seedsents-random-33","There is a bed and there is a nightstand next to the bed. There is a floor lamp next to the bed.","seedsents-random1.s33-00000","https://dovahkiin.stanford.edu/text2scene/eval/full-layout/seedsents-random/s33/seedsents-random1-s33-00000-2.jpg"
"full-layout/seedsents-random-rb","full-layout/seedsents-random-rb-33","There is a bed and there is a nightstand next to the bed. There is a floor lamp next to the bed.","seedsents-random-rb1.s33-00000","https://dovahkiin.stanford.edu/text2scene/eval/full-layout/seedsents-random-rb/s33/seedsents-random-rb1-s33-00000-2.jpg"
"full-layout/seedsents-rulebased","full-layout/seedsents-rulebased-33","There is a bed and there is a nightstand next to the bed. There is a floor lamp next to the bed.","seedsents-rulebased5.s33-00000","https://dovahkiin.stanford.edu/text2scene/eval/full-layout/seedsents-rulebased/s33/seedsents-rulebased5-s33-00000-2.jpg"
"full-layout/seedsents-sempre","full-layout/seedsents-sempre-33","There is a bed and there is a nightstand next to the bed. There is a floor lamp next to the bed.","seedsents-sempre1.s33-00000","https://dovahkiin.stanford.edu/text2scene/eval/full-layout/seedsents-sempre/s33/seedsents-sempre1-s33-00000-2.jpg"
"human","human-33","There is a bed and there is a nightstand next to the bed. There is a floor lamp next to the bed.","desc2scene-4219","https://dovahkiin.stanford.edu/text2scene/screenshots/scenes/mturk/desc2scene-4219/desc2scene-4219-2.jpg"
"full-layout/seedsents-maxent","full-layout/seedsents-maxent-34","There is a bed and there is a nightstand next to the bed. There is a lamp on the nightstand.","seedsents-maxent1.s34-00000","https://dovahkiin.stanford.edu/text2scene/eval/full-layout/seedsents-maxent/s34/seedsents-maxent1-s34-00000-2.jpg"
"full-layout/seedsents-maxent-rb","full-layout/seedsents-maxent-rb-34","There is a bed and there is a nightstand next to the bed. There is a lamp on the nightstand.","seedsents-maxent-rb1.s34-00000","https://dovahkiin.stanford.edu/text2scene/eval/full-layout/seedsents-maxent-rb/s34/seedsents-maxent-rb1-s34-00000-2.jpg"
"full-layout/seedsents-random","full-layout/seedsents-random-34","There is a bed and there is a nightstand next to the bed. There is a lamp on the nightstand.","seedsents-random1.s34-00000","https://dovahkiin.stanford.edu/text2scene/eval/full-layout/seedsents-random/s34/seedsents-random1-s34-00000-2.jpg"
"full-layout/seedsents-random-rb","full-layout/seedsents-random-rb-34","There is a bed and there is a nightstand next to the bed. There is a lamp on the nightstand.","seedsents-random-rb1.s34-00000","https://dovahkiin.stanford.edu/text2scene/eval/full-layout/seedsents-random-rb/s34/seedsents-random-rb1-s34-00000-2.jpg"
"full-layout/seedsents-rulebased","full-layout/seedsents-rulebased-34","There is a bed and there is a nightstand next to the bed. There is a lamp on the nightstand.","seedsents-rulebased5.s34-00000","https://dovahkiin.stanford.edu/text2scene/eval/full-layout/seedsents-rulebased/s34/seedsents-rulebased5-s34-00000-2.jpg"
"full-layout/seedsents-sempre","full-layout/seedsents-sempre-34","There is a bed and there is a nightstand next to the bed. There is a lamp on the nightstand.","seedsents-sempre1.s34-00000","https://dovahkiin.stanford.edu/text2scene/eval/full-layout/seedsents-sempre/s34/seedsents-sempre1-s34-00000-2.jpg"
"human","human-34","There is a bed and there is a nightstand next to the bed. There is a lamp on the nightstand.","desc2scene-4176","https://dovahkiin.stanford.edu/text2scene/screenshots/scenes/mturk/desc2scene-4176/desc2scene-4176-2.jpg"
"full-layout/seedsents-maxent","full-layout/seedsents-maxent-35","There is a bed and there is a chair next to the bed.","seedsents-maxent1.s35-00000","https://dovahkiin.stanford.edu/text2scene/eval/full-layout/seedsents-maxent/s35/seedsents-maxent1-s35-00000-2.jpg"
"full-layout/seedsents-maxent-rb","full-layout/seedsents-maxent-rb-35","There is a bed and there is a chair next to the bed.","seedsents-maxent-rb1.s35-00000","https://dovahkiin.stanford.edu/text2scene/eval/full-layout/seedsents-maxent-rb/s35/seedsents-maxent-rb1-s35-00000-2.jpg"
"full-layout/seedsents-random","full-layout/seedsents-random-35","There is a bed and there is a chair next to the bed.","seedsents-random1.s35-00000","https://dovahkiin.stanford.edu/text2scene/eval/full-layout/seedsents-random/s35/seedsents-random1-s35-00000-2.jpg"
"full-layout/seedsents-random-rb","full-layout/seedsents-random-rb-35","There is a bed and there is a chair next to the bed.","seedsents-random-rb1.s35-00000","https://dovahkiin.stanford.edu/text2scene/eval/full-layout/seedsents-random-rb/s35/seedsents-random-rb1-s35-00000-2.jpg"
"full-layout/seedsents-rulebased","full-layout/seedsents-rulebased-35","There is a bed and there is a chair next to the bed.","seedsents-rulebased5.s35-00000","https://dovahkiin.stanford.edu/text2scene/eval/full-layout/seedsents-rulebased/s35/seedsents-rulebased5-s35-00000-2.jpg"
"full-layout/seedsents-sempre","full-layout/seedsents-sempre-35","There is a bed and there is a chair next to the bed.","seedsents-sempre1.s35-00000","https://dovahkiin.stanford.edu/text2scene/eval/full-layout/seedsents-sempre/s35/seedsents-sempre1-s35-00000-2.jpg"
"human","human-35","There is a bed and there is a chair next to the bed.","desc2scene-4134","https://dovahkiin.stanford.edu/text2scene/screenshots/scenes/mturk/desc2scene-4134/desc2scene-4134-2.jpg"
"full-layout/seedsents-maxent","full-layout/seedsents-maxent-36","There is a coffee table.","seedsents-maxent1.s36-00000","https://dovahkiin.stanford.edu/text2scene/eval/full-layout/seedsents-maxent/s36/seedsents-maxent1-s36-00000-2.jpg"
"full-layout/seedsents-maxent-rb","full-layout/seedsents-maxent-rb-36","There is a coffee table.","seedsents-maxent-rb1.s36-00000","https://dovahkiin.stanford.edu/text2scene/eval/full-layout/seedsents-maxent-rb/s36/seedsents-maxent-rb1-s36-00000-2.jpg"
"full-layout/seedsents-random","full-layout/seedsents-random-36","There is a coffee table.","seedsents-random1.s36-00000","https://dovahkiin.stanford.edu/text2scene/eval/full-layout/seedsents-random/s36/seedsents-random1-s36-00000-2.jpg"
"full-layout/seedsents-random-rb","full-layout/seedsents-random-rb-36","There is a coffee table.","seedsents-random-rb1.s36-00000","https://dovahkiin.stanford.edu/text2scene/eval/full-layout/seedsents-random-rb/s36/seedsents-random-rb1-s36-00000-2.jpg"
"full-layout/seedsents-rulebased","full-layout/seedsents-rulebased-36","There is a coffee table.","seedsents-rulebased5.s36-00000","https://dovahkiin.stanford.edu/text2scene/eval/full-layout/seedsents-rulebased/s36/seedsents-rulebased5-s36-00000-2.jpg"
"full-layout/seedsents-sempre","full-layout/seedsents-sempre-36","There is a coffee table.","seedsents-sempre1.s36-00000","https://dovahkiin.stanford.edu/text2scene/eval/full-layout/seedsents-sempre/s36/seedsents-sempre1-s36-00000-2.jpg"
"human","human-36","There is a coffee table.","desc2scene-4093","https://dovahkiin.stanford.edu/text2scene/screenshots/scenes/mturk/desc2scene-4093/desc2scene-4093-2.jpg"
"full-layout/seedsents-maxent","full-layout/seedsents-maxent-37","There is a coffee table and there is a vase on the coffee table.","seedsents-maxent1.s37-00000","https://dovahkiin.stanford.edu/text2scene/eval/full-layout/seedsents-maxent/s37/seedsents-maxent1-s37-00000-2.jpg"
"full-layout/seedsents-maxent-rb","full-layout/seedsents-maxent-rb-37","There is a coffee table and there is a vase on the coffee table.","seedsents-maxent-rb1.s37-00000","https://dovahkiin.stanford.edu/text2scene/eval/full-layout/seedsents-maxent-rb/s37/seedsents-maxent-rb1-s37-00000-2.jpg"
"full-layout/seedsents-random","full-layout/seedsents-random-37","There is a coffee table and there is a vase on the coffee table.","seedsents-random1.s37-00000","https://dovahkiin.stanford.edu/text2scene/eval/full-layout/seedsents-random/s37/seedsents-random1-s37-00000-2.jpg"
"full-layout/seedsents-random-rb","full-layout/seedsents-random-rb-37","There is a coffee table and there is a vase on the coffee table.","seedsents-random-rb1.s37-00000","https://dovahkiin.stanford.edu/text2scene/eval/full-layout/seedsents-random-rb/s37/seedsents-random-rb1-s37-00000-2.jpg"
"full-layout/seedsents-rulebased","full-layout/seedsents-rulebased-37","There is a coffee table and there is a vase on the coffee table.","seedsents-rulebased5.s37-00000","https://dovahkiin.stanford.edu/text2scene/eval/full-layout/seedsents-rulebased/s37/seedsents-rulebased5-s37-00000-2.jpg"
"full-layout/seedsents-sempre","full-layout/seedsents-sempre-37","There is a coffee table and there is a vase on the coffee table.","seedsents-sempre1.s37-00000","https://dovahkiin.stanford.edu/text2scene/eval/full-layout/seedsents-sempre/s37/seedsents-sempre1-s37-00000-2.jpg"
"human","human-37","There is a coffee table and there is a vase on the coffee table.","desc2scene-4212","https://dovahkiin.stanford.edu/text2scene/screenshots/scenes/mturk/desc2scene-4212/desc2scene-4212-2.jpg"
"full-layout/seedsents-maxent","full-layout/seedsents-maxent-38","There is a coffee table and there is a couch behind the coffee table.","seedsents-maxent1.s38-00000","https://dovahkiin.stanford.edu/text2scene/eval/full-layout/seedsents-maxent/s38/seedsents-maxent1-s38-00000-2.jpg"
"full-layout/seedsents-maxent-rb","full-layout/seedsents-maxent-rb-38","There is a coffee table and there is a couch behind the coffee table.","seedsents-maxent-rb1.s38-00000","https://dovahkiin.stanford.edu/text2scene/eval/full-layout/seedsents-maxent-rb/s38/seedsents-maxent-rb1-s38-00000-2.jpg"
"full-layout/seedsents-random","full-layout/seedsents-random-38","There is a coffee table and there is a couch behind the coffee table.","seedsents-random1.s38-00000","https://dovahkiin.stanford.edu/text2scene/eval/full-layout/seedsents-random/s38/seedsents-random1-s38-00000-2.jpg"
"full-layout/seedsents-random-rb","full-layout/seedsents-random-rb-38","There is a coffee table and there is a couch behind the coffee table.","seedsents-random-rb1.s38-00000","https://dovahkiin.stanford.edu/text2scene/eval/full-layout/seedsents-random-rb/s38/seedsents-random-rb1-s38-00000-2.jpg"
"full-layout/seedsents-rulebased","full-layout/seedsents-rulebased-38","There is a coffee table and there is a couch behind the coffee table.","seedsents-rulebased5.s38-00000","https://dovahkiin.stanford.edu/text2scene/eval/full-layout/seedsents-rulebased/s38/seedsents-rulebased5-s38-00000-2.jpg"
"full-layout/seedsents-sempre","full-layout/seedsents-sempre-38","There is a coffee table and there is a couch behind the coffee table.","seedsents-sempre1.s38-00000","https://dovahkiin.stanford.edu/text2scene/eval/full-layout/seedsents-sempre/s38/seedsents-sempre1-s38-00000-2.jpg"
"human","human-38","There is a coffee table and there is a couch behind the coffee table.","desc2scene-4156","https://dovahkiin.stanford.edu/text2scene/screenshots/scenes/mturk/desc2scene-4156/desc2scene-4156-2.jpg"
"full-layout/seedsents-maxent","full-layout/seedsents-maxent-39","There is a coffee table and there is a couch behind the coffee table. There is a vase.","seedsents-maxent1.s39-00000","https://dovahkiin.stanford.edu/text2scene/eval/full-layout/seedsents-maxent/s39/seedsents-maxent1-s39-00000-2.jpg"
"full-layout/seedsents-maxent-rb","full-layout/seedsents-maxent-rb-39","There is a coffee table and there is a couch behind the coffee table. There is a vase.","seedsents-maxent-rb1.s39-00000","https://dovahkiin.stanford.edu/text2scene/eval/full-layout/seedsents-maxent-rb/s39/seedsents-maxent-rb1-s39-00000-2.jpg"
"full-layout/seedsents-random","full-layout/seedsents-random-39","There is a coffee table and there is a couch behind the coffee table. There is a vase.","seedsents-random1.s39-00000","https://dovahkiin.stanford.edu/text2scene/eval/full-layout/seedsents-random/s39/seedsents-random1-s39-00000-2.jpg"
"full-layout/seedsents-random-rb","full-layout/seedsents-random-rb-39","There is a coffee table and there is a couch behind the coffee table. There is a vase.","seedsents-random-rb1.s39-00000","https://dovahkiin.stanford.edu/text2scene/eval/full-layout/seedsents-random-rb/s39/seedsents-random-rb1-s39-00000-2.jpg"
"full-layout/seedsents-rulebased","full-layout/seedsents-rulebased-39","There is a coffee table and there is a couch behind the coffee table. There is a vase.","seedsents-rulebased5.s39-00000","https://dovahkiin.stanford.edu/text2scene/eval/full-layout/seedsents-rulebased/s39/seedsents-rulebased5-s39-00000-2.jpg"
"full-layout/seedsents-sempre","full-layout/seedsents-sempre-39","There is a coffee table and there is a couch behind the coffee table. There is a vase.","seedsents-sempre1.s39-00000","https://dovahkiin.stanford.edu/text2scene/eval/full-layout/seedsents-sempre/s39/seedsents-sempre1-s39-00000-2.jpg"
"human","human-39","There is a coffee table and there is a couch behind the coffee table. There is a vase.","desc2scene-4180","https://dovahkiin.stanford.edu/text2scene/screenshots/scenes/mturk/desc2scene-4180/desc2scene-4180-2.jpg"
"full-layout/seedsents-maxent","full-layout/seedsents-maxent-40","There is a coffee table and there is a couch behind the coffee table. There is a vase on the coffee table.","seedsents-maxent1.s40-00000","https://dovahkiin.stanford.edu/text2scene/eval/full-layout/seedsents-maxent/s40/seedsents-maxent1-s40-00000-2.jpg"
"full-layout/seedsents-maxent-rb","full-layout/seedsents-maxent-rb-40","There is a coffee table and there is a couch behind the coffee table. There is a vase on the coffee table.","seedsents-maxent-rb1.s40-00000","https://dovahkiin.stanford.edu/text2scene/eval/full-layout/seedsents-maxent-rb/s40/seedsents-maxent-rb1-s40-00000-2.jpg"
"full-layout/seedsents-random","full-layout/seedsents-random-40","There is a coffee table and there is a couch behind the coffee table. There is a vase on the coffee table.","seedsents-random1.s40-00000","https://dovahkiin.stanford.edu/text2scene/eval/full-layout/seedsents-random/s40/seedsents-random1-s40-00000-2.jpg"
"full-layout/seedsents-random-rb","full-layout/seedsents-random-rb-40","There is a coffee table and there is a couch behind the coffee table. There is a vase on the coffee table.","seedsents-random-rb1.s40-00000","https://dovahkiin.stanford.edu/text2scene/eval/full-layout/seedsents-random-rb/s40/seedsents-random-rb1-s40-00000-2.jpg"
"full-layout/seedsents-rulebased","full-layout/seedsents-rulebased-40","There is a coffee table and there is a couch behind the coffee table. There is a vase on the coffee table.","seedsents-rulebased5.s40-00000","https://dovahkiin.stanford.edu/text2scene/eval/full-layout/seedsents-rulebased/s40/seedsents-rulebased5-s40-00000-2.jpg"
"full-layout/seedsents-sempre","full-layout/seedsents-sempre-40","There is a coffee table and there is a couch behind the coffee table. There is a vase on the coffee table.","seedsents-sempre1.s40-00000","https://dovahkiin.stanford.edu/text2scene/eval/full-layout/seedsents-sempre/s40/seedsents-sempre1-s40-00000-2.jpg"
"human","human-40","There is a coffee table and there is a couch behind the coffee table. There is a vase on the coffee table.","desc2scene-4169","https://dovahkiin.stanford.edu/text2scene/screenshots/scenes/mturk/desc2scene-4169/desc2scene-4169-2.jpg"
"full-layout/seedsents-maxent","full-layout/seedsents-maxent-41","There is a coffee table and there is a couch.  There is a chair next to the coffee table.","seedsents-maxent1.s41-00000","https://dovahkiin.stanford.edu/text2scene/eval/full-layout/seedsents-maxent/s41/seedsents-maxent1-s41-00000-2.jpg"
"full-layout/seedsents-maxent-rb","full-layout/seedsents-maxent-rb-41","There is a coffee table and there is a couch.  There is a chair next to the coffee table.","seedsents-maxent-rb1.s41-00000","https://dovahkiin.stanford.edu/text2scene/eval/full-layout/seedsents-maxent-rb/s41/seedsents-maxent-rb1-s41-00000-2.jpg"
"full-layout/seedsents-random","full-layout/seedsents-random-41","There is a coffee table and there is a couch.  There is a chair next to the coffee table.","seedsents-random1.s41-00000","https://dovahkiin.stanford.edu/text2scene/eval/full-layout/seedsents-random/s41/seedsents-random1-s41-00000-2.jpg"
"full-layout/seedsents-random-rb","full-layout/seedsents-random-rb-41","There is a coffee table and there is a couch.  There is a chair next to the coffee table.","seedsents-random-rb1.s41-00000","https://dovahkiin.stanford.edu/text2scene/eval/full-layout/seedsents-random-rb/s41/seedsents-random-rb1-s41-00000-2.jpg"
"full-layout/seedsents-rulebased","full-layout/seedsents-rulebased-41","There is a coffee table and there is a couch.  There is a chair next to the coffee table.","seedsents-rulebased5.s41-00000","https://dovahkiin.stanford.edu/text2scene/eval/full-layout/seedsents-rulebased/s41/seedsents-rulebased5-s41-00000-2.jpg"
"full-layout/seedsents-sempre","full-layout/seedsents-sempre-41","There is a coffee table and there is a couch.  There is a chair next to the coffee table.","seedsents-sempre1.s41-00000","https://dovahkiin.stanford.edu/text2scene/eval/full-layout/seedsents-sempre/s41/seedsents-sempre1-s41-00000-2.jpg"
"human","human-41","There is a coffee table and there is a couch.  There is a chair next to the coffee table.","desc2scene-4119","https://dovahkiin.stanford.edu/text2scene/screenshots/scenes/mturk/desc2scene-4119/desc2scene-4119-2.jpg"
"full-layout/seedsents-maxent","full-layout/seedsents-maxent-42","There is a couch. There is a vase.","seedsents-maxent1.s42-00000","https://dovahkiin.stanford.edu/text2scene/eval/full-layout/seedsents-maxent/s42/seedsents-maxent1-s42-00000-2.jpg"
"full-layout/seedsents-maxent-rb","full-layout/seedsents-maxent-rb-42","There is a couch. There is a vase.","seedsents-maxent-rb1.s42-00000","https://dovahkiin.stanford.edu/text2scene/eval/full-layout/seedsents-maxent-rb/s42/seedsents-maxent-rb1-s42-00000-2.jpg"
"full-layout/seedsents-random","full-layout/seedsents-random-42","There is a couch. There is a vase.","seedsents-random1.s42-00000","https://dovahkiin.stanford.edu/text2scene/eval/full-layout/seedsents-random/s42/seedsents-random1-s42-00000-2.jpg"
"full-layout/seedsents-random-rb","full-layout/seedsents-random-rb-42","There is a couch. There is a vase.","seedsents-random-rb1.s42-00000","https://dovahkiin.stanford.edu/text2scene/eval/full-layout/seedsents-random-rb/s42/seedsents-random-rb1-s42-00000-2.jpg"
"full-layout/seedsents-rulebased","full-layout/seedsents-rulebased-42","There is a couch. There is a vase.","seedsents-rulebased5.s42-00000","https://dovahkiin.stanford.edu/text2scene/eval/full-layout/seedsents-rulebased/s42/seedsents-rulebased5-s42-00000-2.jpg"
"full-layout/seedsents-sempre","full-layout/seedsents-sempre-42","There is a couch. There is a vase.","seedsents-sempre1.s42-00000","https://dovahkiin.stanford.edu/text2scene/eval/full-layout/seedsents-sempre/s42/seedsents-sempre1-s42-00000-2.jpg"
"human","human-42","There is a couch. There is a vase.","desc2scene-4107","https://dovahkiin.stanford.edu/text2scene/screenshots/scenes/mturk/desc2scene-4107/desc2scene-4107-2.jpg"
"full-layout/seedsents-maxent","full-layout/seedsents-maxent-43","There is a couch. There is a coffee table and there is a plant.","seedsents-maxent1.s43-00000","https://dovahkiin.stanford.edu/text2scene/eval/full-layout/seedsents-maxent/s43/seedsents-maxent1-s43-00000-2.jpg"
"full-layout/seedsents-maxent-rb","full-layout/seedsents-maxent-rb-43","There is a couch. There is a coffee table and there is a plant.","seedsents-maxent-rb1.s43-00000","https://dovahkiin.stanford.edu/text2scene/eval/full-layout/seedsents-maxent-rb/s43/seedsents-maxent-rb1-s43-00000-2.jpg"
"full-layout/seedsents-random","full-layout/seedsents-random-43","There is a couch. There is a coffee table and there is a plant.","seedsents-random1.s43-00000","https://dovahkiin.stanford.edu/text2scene/eval/full-layout/seedsents-random/s43/seedsents-random1-s43-00000-2.jpg"
"full-layout/seedsents-random-rb","full-layout/seedsents-random-rb-43","There is a couch. There is a coffee table and there is a plant.","seedsents-random-rb1.s43-00000","https://dovahkiin.stanford.edu/text2scene/eval/full-layout/seedsents-random-rb/s43/seedsents-random-rb1-s43-00000-2.jpg"
"full-layout/seedsents-rulebased","full-layout/seedsents-rulebased-43","There is a couch. There is a coffee table and there is a plant.","seedsents-rulebased5.s43-00000","https://dovahkiin.stanford.edu/text2scene/eval/full-layout/seedsents-rulebased/s43/seedsents-rulebased5-s43-00000-2.jpg"
"full-layout/seedsents-sempre","full-layout/seedsents-sempre-43","There is a couch. There is a coffee table and there is a plant.","seedsents-sempre1.s43-00000","https://dovahkiin.stanford.edu/text2scene/eval/full-layout/seedsents-sempre/s43/seedsents-sempre1-s43-00000-2.jpg"
"human","human-43","There is a couch. There is a coffee table and there is a plant.","desc2scene-4211","https://dovahkiin.stanford.edu/text2scene/screenshots/scenes/mturk/desc2scene-4211/desc2scene-4211-2.jpg"
"full-layout/seedsents-maxent","full-layout/seedsents-maxent-44","There is a couch. There is a coffee table and there is a plant on the coffee table.","seedsents-maxent1.s44-00000","https://dovahkiin.stanford.edu/text2scene/eval/full-layout/seedsents-maxent/s44/seedsents-maxent1-s44-00000-2.jpg"
"full-layout/seedsents-maxent-rb","full-layout/seedsents-maxent-rb-44","There is a couch. There is a coffee table and there is a plant on the coffee table.","seedsents-maxent-rb1.s44-00000","https://dovahkiin.stanford.edu/text2scene/eval/full-layout/seedsents-maxent-rb/s44/seedsents-maxent-rb1-s44-00000-2.jpg"
"full-layout/seedsents-random","full-layout/seedsents-random-44","There is a couch. There is a coffee table and there is a plant on the coffee table.","seedsents-random1.s44-00000","https://dovahkiin.stanford.edu/text2scene/eval/full-layout/seedsents-random/s44/seedsents-random1-s44-00000-2.jpg"
"full-layout/seedsents-random-rb","full-layout/seedsents-random-rb-44","There is a couch. There is a coffee table and there is a plant on the coffee table.","seedsents-random-rb1.s44-00000","https://dovahkiin.stanford.edu/text2scene/eval/full-layout/seedsents-random-rb/s44/seedsents-random-rb1-s44-00000-2.jpg"
"full-layout/seedsents-rulebased","full-layout/seedsents-rulebased-44","There is a couch. There is a coffee table and there is a plant on the coffee table.","seedsents-rulebased5.s44-00000","https://dovahkiin.stanford.edu/text2scene/eval/full-layout/seedsents-rulebased/s44/seedsents-rulebased5-s44-00000-2.jpg"
"full-layout/seedsents-sempre","full-layout/seedsents-sempre-44","There is a couch. There is a coffee table and there is a plant on the coffee table.","seedsents-sempre1.s44-00000","https://dovahkiin.stanford.edu/text2scene/eval/full-layout/seedsents-sempre/s44/seedsents-sempre1-s44-00000-2.jpg"
"human","human-44","There is a couch. There is a coffee table and there is a plant on the coffee table.","desc2scene-4188","https://dovahkiin.stanford.edu/text2scene/screenshots/scenes/mturk/desc2scene-4188/desc2scene-4188-2.jpg"
"full-layout/seedsents-maxent","full-layout/seedsents-maxent-45","There is a couch and there is a pillow on the couch.  There is a chair next to the couch.","seedsents-maxent1.s45-00000","https://dovahkiin.stanford.edu/text2scene/eval/full-layout/seedsents-maxent/s45/seedsents-maxent1-s45-00000-2.jpg"
"full-layout/seedsents-maxent-rb","full-layout/seedsents-maxent-rb-45","There is a couch and there is a pillow on the couch.  There is a chair next to the couch.","seedsents-maxent-rb1.s45-00000","https://dovahkiin.stanford.edu/text2scene/eval/full-layout/seedsents-maxent-rb/s45/seedsents-maxent-rb1-s45-00000-2.jpg"
"full-layout/seedsents-random","full-layout/seedsents-random-45","There is a couch and there is a pillow on the couch.  There is a chair next to the couch.","seedsents-random1.s45-00000","https://dovahkiin.stanford.edu/text2scene/eval/full-layout/seedsents-random/s45/seedsents-random1-s45-00000-2.jpg"
"full-layout/seedsents-random-rb","full-layout/seedsents-random-rb-45","There is a couch and there is a pillow on the couch.  There is a chair next to the couch.","seedsents-random-rb1.s45-00000","https://dovahkiin.stanford.edu/text2scene/eval/full-layout/seedsents-random-rb/s45/seedsents-random-rb1-s45-00000-2.jpg"
"full-layout/seedsents-rulebased","full-layout/seedsents-rulebased-45","There is a couch and there is a pillow on the couch.  There is a chair next to the couch.","seedsents-rulebased5.s45-00000","https://dovahkiin.stanford.edu/text2scene/eval/full-layout/seedsents-rulebased/s45/seedsents-rulebased5-s45-00000-2.jpg"
"full-layout/seedsents-sempre","full-layout/seedsents-sempre-45","There is a couch and there is a pillow on the couch.  There is a chair next to the couch.","seedsents-sempre1.s45-00000","https://dovahkiin.stanford.edu/text2scene/eval/full-layout/seedsents-sempre/s45/seedsents-sempre1-s45-00000-2.jpg"
"human","human-45","There is a couch and there is a pillow on the couch.  There is a chair next to the couch.","desc2scene-4091","https://dovahkiin.stanford.edu/text2scene/screenshots/scenes/mturk/desc2scene-4091/desc2scene-4091-2.jpg"
"full-layout/seedsents-maxent","full-layout/seedsents-maxent-46","There is a lamp and there is a chair next to the lamp. There is a coffee table next to the chair.","seedsents-maxent1.s46-00000","https://dovahkiin.stanford.edu/text2scene/eval/full-layout/seedsents-maxent/s46/seedsents-maxent1-s46-00000-2.jpg"
"full-layout/seedsents-maxent-rb","full-layout/seedsents-maxent-rb-46","There is a lamp and there is a chair next to the lamp. There is a coffee table next to the chair.","seedsents-maxent-rb1.s46-00000","https://dovahkiin.stanford.edu/text2scene/eval/full-layout/seedsents-maxent-rb/s46/seedsents-maxent-rb1-s46-00000-2.jpg"
"full-layout/seedsents-random","full-layout/seedsents-random-46","There is a lamp and there is a chair next to the lamp. There is a coffee table next to the chair.","seedsents-random1.s46-00000","https://dovahkiin.stanford.edu/text2scene/eval/full-layout/seedsents-random/s46/seedsents-random1-s46-00000-2.jpg"
"full-layout/seedsents-random-rb","full-layout/seedsents-random-rb-46","There is a lamp and there is a chair next to the lamp. There is a coffee table next to the chair.","seedsents-random-rb1.s46-00000","https://dovahkiin.stanford.edu/text2scene/eval/full-layout/seedsents-random-rb/s46/seedsents-random-rb1-s46-00000-2.jpg"
"full-layout/seedsents-rulebased","full-layout/seedsents-rulebased-46","There is a lamp and there is a chair next to the lamp. There is a coffee table next to the chair.","seedsents-rulebased5.s46-00000","https://dovahkiin.stanford.edu/text2scene/eval/full-layout/seedsents-rulebased/s46/seedsents-rulebased5-s46-00000-2.jpg"
"full-layout/seedsents-sempre","full-layout/seedsents-sempre-46","There is a lamp and there is a chair next to the lamp. There is a coffee table next to the chair.","seedsents-sempre1.s46-00000","https://dovahkiin.stanford.edu/text2scene/eval/full-layout/seedsents-sempre/s46/seedsents-sempre1-s46-00000-2.jpg"
"human","human-46","There is a lamp and there is a chair next to the lamp. There is a coffee table next to the chair.","desc2scene-4195","https://dovahkiin.stanford.edu/text2scene/screenshots/scenes/mturk/desc2scene-4195/desc2scene-4195-2.jpg"
"full-layout/seedsents-maxent","full-layout/seedsents-maxent-47","There is a coffee table and there is a lamp behind the coffee table. There is a chair in front of the coffee table.","seedsents-maxent1.s47-00000","https://dovahkiin.stanford.edu/text2scene/eval/full-layout/seedsents-maxent/s47/seedsents-maxent1-s47-00000-2.jpg"
"full-layout/seedsents-maxent-rb","full-layout/seedsents-maxent-rb-47","There is a coffee table and there is a lamp behind the coffee table. There is a chair in front of the coffee table.","seedsents-maxent-rb1.s47-00000","https://dovahkiin.stanford.edu/text2scene/eval/full-layout/seedsents-maxent-rb/s47/seedsents-maxent-rb1-s47-00000-2.jpg"
"full-layout/seedsents-random","full-layout/seedsents-random-47","There is a coffee table and there is a lamp behind the coffee table. There is a chair in front of the coffee table.","seedsents-random1.s47-00000","https://dovahkiin.stanford.edu/text2scene/eval/full-layout/seedsents-random/s47/seedsents-random1-s47-00000-2.jpg"
"full-layout/seedsents-random-rb","full-layout/seedsents-random-rb-47","There is a coffee table and there is a lamp behind the coffee table. There is a chair in front of the coffee table.","seedsents-random-rb1.s47-00000","https://dovahkiin.stanford.edu/text2scene/eval/full-layout/seedsents-random-rb/s47/seedsents-random-rb1-s47-00000-2.jpg"
"full-layout/seedsents-rulebased","full-layout/seedsents-rulebased-47","There is a coffee table and there is a lamp behind the coffee table. There is a chair in front of the coffee table.","seedsents-rulebased5.s47-00000","https://dovahkiin.stanford.edu/text2scene/eval/full-layout/seedsents-rulebased/s47/seedsents-rulebased5-s47-00000-2.jpg"
"full-layout/seedsents-sempre","full-layout/seedsents-sempre-47","There is a coffee table and there is a lamp behind the coffee table. There is a chair in front of the coffee table.","seedsents-sempre1.s47-00000","https://dovahkiin.stanford.edu/text2scene/eval/full-layout/seedsents-sempre/s47/seedsents-sempre1-s47-00000-2.jpg"
"human","human-47","There is a coffee table and there is a lamp behind the coffee table. There is a chair in front of the coffee table.","desc2scene-2621","https://dovahkiin.stanford.edu/text2scene/screenshots/scenes/mturk/desc2scene-2621/desc2scene-2621-2.jpg"
"full-layout/seedsents-maxent","full-layout/seedsents-maxent-48","There is a desk and there is a lamp next to the desk.  There is a chair in front of the desk.","seedsents-maxent1.s48-00000","https://dovahkiin.stanford.edu/text2scene/eval/full-layout/seedsents-maxent/s48/seedsents-maxent1-s48-00000-2.jpg"
"full-layout/seedsents-maxent-rb","full-layout/seedsents-maxent-rb-48","There is a desk and there is a lamp next to the desk.  There is a chair in front of the desk.","seedsents-maxent-rb1.s48-00000","https://dovahkiin.stanford.edu/text2scene/eval/full-layout/seedsents-maxent-rb/s48/seedsents-maxent-rb1-s48-00000-2.jpg"
"full-layout/seedsents-random","full-layout/seedsents-random-48","There is a desk and there is a lamp next to the desk.  There is a chair in front of the desk.","seedsents-random1.s48-00000","https://dovahkiin.stanford.edu/text2scene/eval/full-layout/seedsents-random/s48/seedsents-random1-s48-00000-2.jpg"
"full-layout/seedsents-random-rb","full-layout/seedsents-random-rb-48","There is a desk and there is a lamp next to the desk.  There is a chair in front of the desk.","seedsents-random-rb1.s48-00000","https://dovahkiin.stanford.edu/text2scene/eval/full-layout/seedsents-random-rb/s48/seedsents-random-rb1-s48-00000-2.jpg"
"full-layout/seedsents-rulebased","full-layout/seedsents-rulebased-48","There is a desk and there is a lamp next to the desk.  There is a chair in front of the desk.","seedsents-rulebased5.s48-00000","https://dovahkiin.stanford.edu/text2scene/eval/full-layout/seedsents-rulebased/s48/seedsents-rulebased5-s48-00000-2.jpg"
"full-layout/seedsents-sempre","full-layout/seedsents-sempre-48","There is a desk and there is a lamp next to the desk.  There is a chair in front of the desk.","seedsents-sempre1.s48-00000","https://dovahkiin.stanford.edu/text2scene/eval/full-layout/seedsents-sempre/s48/seedsents-sempre1-s48-00000-2.jpg"
"human","human-48","There is a desk and there is a lamp next to the desk.  There is a chair in front of the desk.","desc2scene-4196","https://dovahkiin.stanford.edu/text2scene/screenshots/scenes/mturk/desc2scene-4196/desc2scene-4196-2.jpg"
"full-layout/seedsents-maxent","full-layout/seedsents-maxent-49","There is a desk and there is a lamp next to the desk.  There is a chair in front of the desk.  There is a trash bin next to the desk.","seedsents-maxent1.s49-00000","https://dovahkiin.stanford.edu/text2scene/eval/full-layout/seedsents-maxent/s49/seedsents-maxent1-s49-00000-2.jpg"
"full-layout/seedsents-maxent-rb","full-layout/seedsents-maxent-rb-49","There is a desk and there is a lamp next to the desk.  There is a chair in front of the desk.  There is a trash bin next to the desk.","seedsents-maxent-rb1.s49-00000","https://dovahkiin.stanford.edu/text2scene/eval/full-layout/seedsents-maxent-rb/s49/seedsents-maxent-rb1-s49-00000-2.jpg"
"full-layout/seedsents-random","full-layout/seedsents-random-49","There is a desk and there is a lamp next to the desk.  There is a chair in front of the desk.  There is a trash bin next to the desk.","seedsents-random1.s49-00000","https://dovahkiin.stanford.edu/text2scene/eval/full-layout/seedsents-random/s49/seedsents-random1-s49-00000-2.jpg"
"full-layout/seedsents-random-rb","full-layout/seedsents-random-rb-49","There is a desk and there is a lamp next to the desk.  There is a chair in front of the desk.  There is a trash bin next to the desk.","seedsents-random-rb1.s49-00000","https://dovahkiin.stanford.edu/text2scene/eval/full-layout/seedsents-random-rb/s49/seedsents-random-rb1-s49-00000-2.jpg"
"full-layout/seedsents-rulebased","full-layout/seedsents-rulebased-49","There is a desk and there is a lamp next to the desk.  There is a chair in front of the desk.  There is a trash bin next to the desk.","seedsents-rulebased5.s49-00000","https://dovahkiin.stanford.edu/text2scene/eval/full-layout/seedsents-rulebased/s49/seedsents-rulebased5-s49-00000-2.jpg"
"full-layout/seedsents-sempre","full-layout/seedsents-sempre-49","There is a desk and there is a lamp next to the desk.  There is a chair in front of the desk.  There is a trash bin next to the desk.","seedsents-sempre1.s49-00000","https://dovahkiin.stanford.edu/text2scene/eval/full-layout/seedsents-sempre/s49/seedsents-sempre1-s49-00000-2.jpg"
"human","human-49","There is a desk and there is a lamp next to the desk.  There is a chair in front of the desk.  There is a trash bin next to the desk.","desc2scene-4138","https://dovahkiin.stanford.edu/text2scene/screenshots/scenes/mturk/desc2scene-4138/desc2scene-4138-2.jpg"
